arff_path,cfg,cfg_max_mutations,class_balance,error,false_count,ga_best_fitness,ga_final_sat_count,ga_final_unknown_count,ga_final_unsat_count,ga_generations_completed,ga_individuals_evaluated,ga_path,ga_sec,ga_target_sats,j48_out_path,max_generations,missing_values,num_attributes,num_features,num_instances,population_size,qty_used,req,requirement_file,requirement_sha256,root_feature,root_split,root_threshold,runtime_sec,seed,success,summary_path,tree_depth,tree_leaves,tree_nodes,true_count,weka_correct_pct,weka_kappa,weka_num_leaves,weka_time_build_sec,weka_time_test_sec,weka_tree_size
outputs/sensitivity/phi2/G/seed0/2025-12-23_22_07_22.402916/dataset_qty_2025-12-23_22_07_22.402916_per100.arff,G,,0.4809081527347781,,503,94,370,918,323,3,1000,outputs/sensitivity/phi2/G/seed0/2025-12-23_22_07_22.402916,67.29281783103943,300,outputs/sensitivity/phi2/G/seed0/2025-12-23_22_07_22.402916/J48-data-100.out,10,0,18,17,969,250,1.0,phi2,configs/sensitivity/property_trace/property_phi2_cutin.py,7bcce829c3fa62ba8ed427013d5f4ebbb96ba437e37b390d21351d7333c2fbb3,NUM3,NUM3 <= 1.99861,1.99861,68.30644059181213,0,True,scripts/test3/outputs/sensitivity/phi2/G/seed0/2025-12-23_22_07_22.402916/summary.json,1,9,19,466,100.0,1.0,3,0.02,0.01,5
outputs/sensitivity/phi2/G/seed1/2025-12-23_22_33_04.204815/dataset_qty_2025-12-23_22_33_04.204815_per100.arff,G,,0.48531289910600256,,1140,94,1488,2494,783,10,2750,outputs/sensitivity/phi2/G/seed1/2025-12-23_22_33_04.204815,517.6864314079285,1000,outputs/sensitivity/phi2/G/seed1/2025-12-23_22_33_04.204815/J48-data-100.out,10,0,18,17,2349,250,1.0,phi2,configs/sensitivity/property_trace/property_phi2_cutin.py,7bcce829c3fa62ba8ed427013d5f4ebbb96ba437e37b390d21351d7333c2fbb3,NUM3,NUM3 <= 1.998132,1.998132,518.8492147922516,1,True,scripts/test3/outputs/sensitivity/phi2/G/seed1/2025-12-23_22_33_04.204815/summary.json,1,9,19,1209,100.0,1.0,3,0.03,0.01,5
outputs/sensitivity/phi2/G/seed2/2025-12-23_22_41_43.195879/dataset_qty_2025-12-23_22_41_43.195879_per100.arff,G,,0.48460508701472554,,1086,94,1530,2507,747,10,2750,outputs/sensitivity/phi2/G/seed2/2025-12-23_22_41_43.195879,526.4766957759857,1000,outputs/sensitivity/phi2/G/seed2/2025-12-23_22_41_43.195879/J48-data-100.out,10,0,18,17,2241,250,1.0,phi2,configs/sensitivity/property_trace/property_phi2_cutin.py,7bcce829c3fa62ba8ed427013d5f4ebbb96ba437e37b390d21351d7333c2fbb3,NUM3,NUM3 <= 1.99672,1.99672,527.6236867904663,2,True,scripts/test3/outputs/sensitivity/phi2/G/seed2/2025-12-23_22_41_43.195879/summary.json,1,9,19,1155,100.0,1.0,3,0.03,0.01,5
outputs/sensitivity/phi2/G/seed3/2025-12-23_22_50_30.930985/dataset_qty_2025-12-23_22_50_30.930985_per100.arff,G,,0.4803921568627451,,1274,94,1400,2506,884,10,2750,outputs/sensitivity/phi2/G/seed3/2025-12-23_22_50_30.930985,479.9808464050293,1000,outputs/sensitivity/phi2/G/seed3/2025-12-23_22_50_30.930985/J48-data-100.out,10,0,18,17,2652,250,1.0,phi2,configs/sensitivity/property_trace/property_phi2_cutin.py,7bcce829c3fa62ba8ed427013d5f4ebbb96ba437e37b390d21351d7333c2fbb3,NUM3,NUM3 <= 1.996011,1.996011,481.106290102005,3,True,scripts/test3/outputs/sensitivity/phi2/G/seed3/2025-12-23_22_50_30.930985/summary.json,1,9,19,1378,100.0,1.0,3,0.03,0.01,5
outputs/sensitivity/phi2/G/seed4/2025-12-23_22_58_32.152979/dataset_qty_2025-12-23_22_58_32.152979_per100.arff,G,,0.48380726698262244,,1225,94,1430,2503,844,10,2750,outputs/sensitivity/phi2/G/seed4/2025-12-23_22_58_32.152979,590.6543533802032,1000,outputs/sensitivity/phi2/G/seed4/2025-12-23_22_58_32.152979/J48-data-100.out,10,0,18,17,2532,250,1.0,phi2,configs/sensitivity/property_trace/property_phi2_cutin.py,7bcce829c3fa62ba8ed427013d5f4ebbb96ba437e37b390d21351d7333c2fbb3,NUM3,NUM3 <= 1.999531,1.999531,591.7932050228119,4,True,scripts/test3/outputs/sensitivity/phi2/G/seed4/2025-12-23_22_58_32.152979/summary.json,1,9,19,1307,100.0,1.0,3,0.03,0.01,5
scripts/test3/outputs/sensitivity/phi2/G2/seed0/2025-12-28_19_37_25.261452/dataset_qty_2025-12-28_19_37_25.261452_per100.arff,G2,2,0.4354916067146283,,908,84,1593,2516,695,10,2750,scripts/test3/outputs/sensitivity/phi2/G2/seed0/2025-12-28_19_37_25.261452,483.80299067497253,1000,scripts/test3/outputs/sensitivity/phi2/G2/seed0/2025-12-28_19_37_25.261452/J48-data-100.out,10,0,18,17,2085,250,1.0,phi2,scripts/test3/configs/property_trace/property_phi2_cutin.py,7bcce829c3fa62ba8ed427013d5f4ebbb96ba437e37b390d21351d7333c2fbb3,NUM3,NUM3 <= 1.998314,1.998314,484.9014616012573,0,True,scripts/test3/outputs/sensitivity/phi2/G2/seed0/2025-12-28_19_37_25.261452/summary.json,1,9,19,1177,100.0,1.0,3,0.03,0.01,5
scripts/test3/outputs/sensitivity/phi2/G2/seed1/2025-12-28_19_45_30.276959/dataset_qty_2025-12-28_19_45_30.276959_per100.arff,G2,2,0.4359344894026975,,905,84,1581,2490,692,10,2750,scripts/test3/outputs/sensitivity/phi2/G2/seed1/2025-12-28_19_45_30.276959,490.81525707244873,1000,scripts/test3/outputs/sensitivity/phi2/G2/seed1/2025-12-28_19_45_30.276959/J48-data-100.out,10,0,18,17,2076,250,1.0,phi2,scripts/test3/configs/property_trace/property_phi2_cutin.py,7bcce829c3fa62ba8ed427013d5f4ebbb96ba437e37b390d21351d7333c2fbb3,NUM3,NUM3 <= 1.998103,1.998103,491.965354681015,1,True,scripts/test3/outputs/sensitivity/phi2/G2/seed1/2025-12-28_19_45_30.276959/summary.json,1,9,19,1171,100.0,1.0,3,0.03,0.01,5
scripts/test3/outputs/sensitivity/phi2/G2/seed2/2025-12-28_19_53_42.343805/dataset_qty_2025-12-28_19_53_42.343805_per100.arff,G2,2,0.43219076005961254,,870,84,1612,2502,671,10,2750,scripts/test3/outputs/sensitivity/phi2/G2/seed2/2025-12-28_19_53_42.343805,472.8916742801666,1000,scripts/test3/outputs/sensitivity/phi2/G2/seed2/2025-12-28_19_53_42.343805/J48-data-100.out,10,0,18,17,2013,250,1.0,phi2,scripts/test3/configs/property_trace/property_phi2_cutin.py,7bcce829c3fa62ba8ed427013d5f4ebbb96ba437e37b390d21351d7333c2fbb3,NUM3,NUM3 <= 1.998847,1.998847,474.0002293586731,2,True,scripts/test3/outputs/sensitivity/phi2/G2/seed2/2025-12-28_19_53_42.343805/summary.json,1,9,19,1143,100.0,1.0,3,0.03,0.01,5
scripts/test3/outputs/sensitivity/phi2/G2/seed3/2025-12-28_20_01_36.439734/dataset_qty_2025-12-28_20_01_36.439734_per100.arff,G2,2,0.43954968184043075,,898,84,1599,2505,681,10,2750,scripts/test3/outputs/sensitivity/phi2/G2/seed3/2025-12-28_20_01_36.439734,483.6148500442505,1000,scripts/test3/outputs/sensitivity/phi2/G2/seed3/2025-12-28_20_01_36.439734/J48-data-100.out,10,0,18,17,2043,250,1.0,phi2,scripts/test3/configs/property_trace/property_phi2_cutin.py,7bcce829c3fa62ba8ed427013d5f4ebbb96ba437e37b390d21351d7333c2fbb3,NUM3,NUM3 <= 1.999804,1.999804,484.723375082016,3,True,scripts/test3/outputs/sensitivity/phi2/G2/seed3/2025-12-28_20_01_36.439734/summary.json,1,9,19,1145,100.0,1.0,3,0.02,0.01,5
scripts/test3/outputs/sensitivity/phi2/G2/seed4/2025-12-28_20_09_41.256964/dataset_qty_2025-12-28_20_09_41.256964_per100.arff,G2,2,0.43705799151343705,,927,84,1557,2492,707,10,2750,scripts/test3/outputs/sensitivity/phi2/G2/seed4/2025-12-28_20_09_41.256964,495.9360375404358,1000,scripts/test3/outputs/sensitivity/phi2/G2/seed4/2025-12-28_20_09_41.256964/J48-data-100.out,10,0,18,17,2121,250,1.0,phi2,scripts/test3/configs/property_trace/property_phi2_cutin.py,7bcce829c3fa62ba8ed427013d5f4ebbb96ba437e37b390d21351d7333c2fbb3,NUM3,NUM3 <= 1.99956,1.99956,497.0608642101288,4,True,scripts/test3/outputs/sensitivity/phi2/G2/seed4/2025-12-28_20_09_41.256964/summary.json,1,9,19,1194,100.0,1.0,3,0.02,0.01,5
scripts/test3/outputs/sensitivity/phi2/G3/seed0/2025-12-28_20_17_58.418438/dataset_qty_2025-12-28_20_17_58.418438_per100.arff,G3,3,0.4354916067146283,,908,84,1593,2516,695,10,2750,scripts/test3/outputs/sensitivity/phi2/G3/seed0/2025-12-28_20_17_58.418438,479.18589329719543,1000,scripts/test3/outputs/sensitivity/phi2/G3/seed0/2025-12-28_20_17_58.418438/J48-data-100.out,10,0,18,17,2085,250,1.0,phi2,scripts/test3/configs/property_trace/property_phi2_cutin.py,7bcce829c3fa62ba8ed427013d5f4ebbb96ba437e37b390d21351d7333c2fbb3,NUM3,NUM3 <= 1.998314,1.998314,480.3029263019562,0,True,scripts/test3/outputs/sensitivity/phi2/G3/seed0/2025-12-28_20_17_58.418438/summary.json,1,9,19,1177,100.0,1.0,3,0.03,0.01,5
scripts/test3/outputs/sensitivity/phi2/G3/seed1/2025-12-28_20_25_58.822788/dataset_qty_2025-12-28_20_25_58.822788_per100.arff,G3,3,0.4359344894026975,,905,84,1581,2490,692,10,2750,scripts/test3/outputs/sensitivity/phi2/G3/seed1/2025-12-28_20_25_58.822788,523.470358133316,1000,scripts/test3/outputs/sensitivity/phi2/G3/seed1/2025-12-28_20_25_58.822788/J48-data-100.out,10,0,18,17,2076,250,1.0,phi2,scripts/test3/configs/property_trace/property_phi2_cutin.py,7bcce829c3fa62ba8ed427013d5f4ebbb96ba437e37b390d21351d7333c2fbb3,NUM3,NUM3 <= 1.998103,1.998103,524.6130511760712,1,True,scripts/test3/outputs/sensitivity/phi2/G3/seed1/2025-12-28_20_25_58.822788/summary.json,1,9,19,1171,100.0,1.0,3,0.02,0.01,5
scripts/test3/outputs/sensitivity/phi2/G3/seed2/2025-12-28_20_34_43.551165/dataset_qty_2025-12-28_20_34_43.551165_per100.arff,G3,3,0.43219076005961254,,870,84,1612,2502,671,10,2750,scripts/test3/outputs/sensitivity/phi2/G3/seed2/2025-12-28_20_34_43.551165,483.860915184021,1000,scripts/test3/outputs/sensitivity/phi2/G3/seed2/2025-12-28_20_34_43.551165/J48-data-100.out,10,0,18,17,2013,250,1.0,phi2,scripts/test3/configs/property_trace/property_phi2_cutin.py,7bcce829c3fa62ba8ed427013d5f4ebbb96ba437e37b390d21351d7333c2fbb3,NUM3,NUM3 <= 1.998847,1.998847,484.963308095932,2,True,scripts/test3/outputs/sensitivity/phi2/G3/seed2/2025-12-28_20_34_43.551165/summary.json,1,9,19,1143,100.0,1.0,3,0.03,0.01,5
scripts/test3/outputs/sensitivity/phi2/G3/seed3/2025-12-28_20_42_48.589511/dataset_qty_2025-12-28_20_42_48.589511_per100.arff,G3,3,0.43954968184043075,,898,84,1599,2505,681,10,2750,scripts/test3/outputs/sensitivity/phi2/G3/seed3/2025-12-28_20_42_48.589511,507.4079179763794,1000,scripts/test3/outputs/sensitivity/phi2/G3/seed3/2025-12-28_20_42_48.589511/J48-data-100.out,10,0,18,17,2043,250,1.0,phi2,scripts/test3/configs/property_trace/property_phi2_cutin.py,7bcce829c3fa62ba8ed427013d5f4ebbb96ba437e37b390d21351d7333c2fbb3,NUM3,NUM3 <= 1.999804,1.999804,508.5046441555023,3,True,scripts/test3/outputs/sensitivity/phi2/G3/seed3/2025-12-28_20_42_48.589511/summary.json,1,9,19,1145,100.0,1.0,3,0.02,0.01,5
scripts/test3/outputs/sensitivity/phi2/G3/seed4/2025-12-28_20_51_17.191080/dataset_qty_2025-12-28_20_51_17.191080_per100.arff,G3,3,0.43705799151343705,,927,84,1557,2492,707,10,2750,scripts/test3/outputs/sensitivity/phi2/G3/seed4/2025-12-28_20_51_17.191080,470.399117231369,1000,scripts/test3/outputs/sensitivity/phi2/G3/seed4/2025-12-28_20_51_17.191080/J48-data-100.out,10,0,18,17,2121,250,1.0,phi2,scripts/test3/configs/property_trace/property_phi2_cutin.py,7bcce829c3fa62ba8ed427013d5f4ebbb96ba437e37b390d21351d7333c2fbb3,NUM3,NUM3 <= 1.99956,1.99956,471.518963098526,4,True,scripts/test3/outputs/sensitivity/phi2/G3/seed4/2025-12-28_20_51_17.191080/summary.json,1,9,19,1194,100.0,1.0,3,0.03,0.01,5
outputs/sensitivity/phi2/O/seed0/2025-12-23_22_08_30.787102/dataset_qty_2025-12-23_22_08_30.787102_per100.arff,O,,0.47619047619047616,,583,89,371,1142,547,4,1250,outputs/sensitivity/phi2/O/seed0/2025-12-23_22_08_30.787102,95.66585850715637,300,outputs/sensitivity/phi2/O/seed0/2025-12-23_22_08_30.787102/J48-data-100.out,10,0,18,17,1113,250,1.0,phi2,configs/sensitivity/property_trace/property_phi2_cutin.py,7bcce829c3fa62ba8ed427013d5f4ebbb96ba437e37b390d21351d7333c2fbb3,NUM2,NUM2 <= -3.502286: TRUE (530.0),-3.502286,96.68522310256958,0,True,scripts/test3/outputs/sensitivity/phi2/O/seed0/2025-12-23_22_08_30.787102/summary.json,1,8,18,530,100.0,1.0,2,0.02,0.01,3
outputs/sensitivity/phi2/O/seed1/2025-12-23_23_08_24.052298/dataset_qty_2025-12-23_23_08_24.052298_per100.arff,O,,0.46796959826275786,,1470,89,921,2493,1349,10,2750,outputs/sensitivity/phi2/O/seed1/2025-12-23_23_08_24.052298,513.4306883811951,1000,outputs/sensitivity/phi2/O/seed1/2025-12-23_23_08_24.052298/J48-data-100.out,10,0,18,17,2763,250,1.0,phi2,configs/sensitivity/property_trace/property_phi2_cutin.py,7bcce829c3fa62ba8ed427013d5f4ebbb96ba437e37b390d21351d7333c2fbb3,NUM2,NUM2 <= -3.500179: TRUE (1293.0),-3.500179,514.5448093414307,1,True,scripts/test3/outputs/sensitivity/phi2/O/seed1/2025-12-23_23_08_24.052298/summary.json,1,8,18,1293,100.0,1.0,2,0.02,0.01,3
outputs/sensitivity/phi2/O/seed2/2025-12-23_23_16_58.709664/dataset_qty_2025-12-23_23_16_58.709664_per100.arff,O,,0.4648088603072526,,1498,89,933,2507,1344,10,2750,outputs/sensitivity/phi2/O/seed2/2025-12-23_23_16_58.709664,469.28421688079834,1000,outputs/sensitivity/phi2/O/seed2/2025-12-23_23_16_58.709664/J48-data-100.out,10,0,18,17,2799,250,1.0,phi2,configs/sensitivity/property_trace/property_phi2_cutin.py,7bcce829c3fa62ba8ed427013d5f4ebbb96ba437e37b390d21351d7333c2fbb3,NUM2,NUM2 <= -3.500986: TRUE (1301.0),-3.500986,470.3963358402252,2,True,scripts/test3/outputs/sensitivity/phi2/O/seed2/2025-12-23_23_16_58.709664/summary.json,1,8,18,1301,100.0,1.0,2,0.02,0.01,3
outputs/sensitivity/phi2/O/seed3/2025-12-23_23_24_49.192990/dataset_qty_2025-12-23_23_24_49.192990_per100.arff,O,,0.46794871794871795,,1494,89,936,2506,1348,10,2750,outputs/sensitivity/phi2/O/seed3/2025-12-23_23_24_49.192990,618.1335251331329,1000,outputs/sensitivity/phi2/O/seed3/2025-12-23_23_24_49.192990/J48-data-100.out,10,0,18,17,2808,250,1.0,phi2,configs/sensitivity/property_trace/property_phi2_cutin.py,7bcce829c3fa62ba8ed427013d5f4ebbb96ba437e37b390d21351d7333c2fbb3,NUM2,NUM2 <= -3.502672: TRUE (1314.0),-3.502672,619.3155913352966,3,True,scripts/test3/outputs/sensitivity/phi2/O/seed3/2025-12-23_23_24_49.192990/summary.json,1,8,18,1314,100.0,1.0,2,0.02,0.01,3
outputs/sensitivity/phi2/O/seed4/2025-12-23_23_35_08.669981/dataset_qty_2025-12-23_23_35_08.669981_per100.arff,O,,0.4660863257163584,,1472,89,919,2503,1355,10,2750,outputs/sensitivity/phi2/O/seed4/2025-12-23_23_35_08.669981,533.4354009628296,1000,outputs/sensitivity/phi2/O/seed4/2025-12-23_23_35_08.669981/J48-data-100.out,10,0,18,17,2757,250,1.0,phi2,configs/sensitivity/property_trace/property_phi2_cutin.py,7bcce829c3fa62ba8ed427013d5f4ebbb96ba437e37b390d21351d7333c2fbb3,NUM2,NUM2 <= -3.500641: TRUE (1285.0),-3.500641,534.5679173469543,4,True,scripts/test3/outputs/sensitivity/phi2/O/seed4/2025-12-23_23_35_08.669981/summary.json,1,8,18,1285,100.0,1.0,2,0.03,0.01,3
outputs/sensitivity/phi2/B/seed0/2025-12-23_22_10_07.561427/dataset_qty_2025-12-23_22_10_07.561427_per100.arff,B,,0.434279705573081,,413,94,1496,2042,317,8,2250,outputs/sensitivity/phi2/B/seed0/2025-12-23_22_10_07.561427,338.7919294834137,300,outputs/sensitivity/phi2/B/seed0/2025-12-23_22_10_07.561427/J48-data-100.out,10,0,18,17,951,250,1.0,phi2,configs/sensitivity/property_trace/property_phi2_cutin.py,7bcce829c3fa62ba8ed427013d5f4ebbb96ba437e37b390d21351d7333c2fbb3,NUM3,NUM3 <= 1.999004,1.999004,339.8277039527893,0,True,scripts/test3/outputs/sensitivity/phi2/B/seed0/2025-12-23_22_10_07.561427/summary.json,1,9,19,538,100.0,1.0,3,0.02,0.01,5
outputs/sensitivity/phi2/B/seed1/2025-12-23_23_44_03.422304/dataset_qty_2025-12-23_23_44_03.422304_per100.arff,B,,0.4311377245508982,,432,94,1937,2494,334,10,2750,outputs/sensitivity/phi2/B/seed1/2025-12-23_23_44_03.422304,522.9798622131348,1000,outputs/sensitivity/phi2/B/seed1/2025-12-23_23_44_03.422304/J48-data-100.out,10,0,18,17,1002,250,1.0,phi2,configs/sensitivity/property_trace/property_phi2_cutin.py,7bcce829c3fa62ba8ed427013d5f4ebbb96ba437e37b390d21351d7333c2fbb3,NUM3,NUM3 <= 1.995889,1.995889,523.9982981681824,1,True,scripts/test3/outputs/sensitivity/phi2/B/seed1/2025-12-23_23_44_03.422304/summary.json,1,9,19,570,100.0,1.0,3,0.02,0.01,5
outputs/sensitivity/phi2/B/seed2/2025-12-23_23_52_47.541938/dataset_qty_2025-12-23_23_52_47.541938_per100.arff,B,,0.44323342415985467,,488,94,1910,2507,367,10,2750,outputs/sensitivity/phi2/B/seed2/2025-12-23_23_52_47.541938,492.3496313095093,1000,outputs/sensitivity/phi2/B/seed2/2025-12-23_23_52_47.541938/J48-data-100.out,10,0,18,17,1101,250,1.0,phi2,configs/sensitivity/property_trace/property_phi2_cutin.py,7bcce829c3fa62ba8ed427013d5f4ebbb96ba437e37b390d21351d7333c2fbb3,NUM3,NUM3 <= 1.998044,1.998044,493.36518120765686,2,True,scripts/test3/outputs/sensitivity/phi2/B/seed2/2025-12-23_23_52_47.541938/summary.json,1,9,19,613,100.0,1.0,3,0.02,0.01,5
outputs/sensitivity/phi2/B/seed3/2025-12-24_00_01_01.054503/dataset_qty_2025-12-24_00_01_01.054503_per100.arff,B,,0.4255091103965702,,397,94,1973,2506,311,10,2750,outputs/sensitivity/phi2/B/seed3/2025-12-24_00_01_01.054503,585.368127822876,1000,outputs/sensitivity/phi2/B/seed3/2025-12-24_00_01_01.054503/J48-data-100.out,10,0,18,17,933,250,1.0,phi2,configs/sensitivity/property_trace/property_phi2_cutin.py,7bcce829c3fa62ba8ed427013d5f4ebbb96ba437e37b390d21351d7333c2fbb3,NUM3,NUM3 <= 1.998638,1.998638,586.3817391395569,3,True,scripts/test3/outputs/sensitivity/phi2/B/seed3/2025-12-24_00_01_01.054503/summary.json,1,9,19,536,100.0,1.0,3,0.02,0.01,5
outputs/sensitivity/phi2/B/seed4/2025-12-24_00_10_47.560190/dataset_qty_2025-12-24_00_10_47.560190_per100.arff,B,,0.4230377166156983,,415,94,1947,2503,327,10,2750,outputs/sensitivity/phi2/B/seed4/2025-12-24_00_10_47.560190,493.80546045303345,1000,outputs/sensitivity/phi2/B/seed4/2025-12-24_00_10_47.560190/J48-data-100.out,10,0,18,17,981,250,1.0,phi2,configs/sensitivity/property_trace/property_phi2_cutin.py,7bcce829c3fa62ba8ed427013d5f4ebbb96ba437e37b390d21351d7333c2fbb3,NUM3,NUM3 <= 1.996591,1.996591,494.8100142478943,4,True,scripts/test3/outputs/sensitivity/phi2/B/seed4/2025-12-24_00_10_47.560190/summary.json,1,9,19,566,100.0,1.0,3,0.02,0.01,5
outputs/sensitivity/phi3/G/seed0/2025-12-23_22_15_47.506388/dataset_qty_2025-12-23_22_15_47.506388_per100.arff,G,,0.4380664652567976,,558,100,331,1007,470,4,1250,outputs/sensitivity/phi3/G/seed0/2025-12-23_22_15_47.506388,147.2036395072937,300,outputs/sensitivity/phi3/G/seed0/2025-12-23_22_15_47.506388/J48-data-100.out,10,0,41,40,993,250,1.0,phi3,configs/sensitivity/property_trace/property_phi3_retry.py,89e86c8b64172d6134055285f658a3a2fbdc9447972b7f7935c87c16f51a8c0f,NUM1,NUM1 <= 5143286.95226,5143286.95226,148.5578453540802,0,True,scripts/test3/outputs/sensitivity/phi3/G/seed0/2025-12-23_22_15_47.506388/summary.json,2,14,26,435,100.0,1.0,8,0.02,0.01,13
outputs/sensitivity/phi3/G/seed1/2025-12-24_00_19_02.490374/dataset_qty_2025-12-24_00_19_02.490374_per100.arff,G,,0.4962292609351433,,1336,100,1155,2248,884,10,2750,outputs/sensitivity/phi3/G/seed1/2025-12-24_00_19_02.490374,1024.2967817783356,1000,outputs/sensitivity/phi3/G/seed1/2025-12-24_00_19_02.490374/J48-data-100.out,10,0,41,40,2652,250,1.0,phi3,configs/sensitivity/property_trace/property_phi3_retry.py,89e86c8b64172d6134055285f658a3a2fbdc9447972b7f7935c87c16f51a8c0f,NUM1,NUM1 <= 4697899.552027: TRUE (935.0),4697899.552027,1026.187795639038,1,True,scripts/test3/outputs/sensitivity/phi3/G/seed1/2025-12-24_00_19_02.490374/summary.json,4,15,29,1316,100.0,1.0,9,0.04,0.01,15
outputs/sensitivity/phi3/G/seed2/2025-12-24_00_36_08.838587/dataset_qty_2025-12-24_00_36_08.838587_per100.arff,G,,0.4980007270083606,,1381,100,1156,2281,917,10,2750,outputs/sensitivity/phi3/G/seed2/2025-12-24_00_36_08.838587,912.6096711158752,1000,outputs/sensitivity/phi3/G/seed2/2025-12-24_00_36_08.838587/J48-data-100.out,10,0,41,40,2751,250,1.0,phi3,configs/sensitivity/property_trace/property_phi3_retry.py,89e86c8b64172d6134055285f658a3a2fbdc9447972b7f7935c87c16f51a8c0f,NUM1,NUM1 <= 4722140.661999,4722140.661999,914.1848723888397,2,True,scripts/test3/outputs/sensitivity/phi3/G/seed2/2025-12-24_00_36_08.838587/summary.json,3,17,31,1370,99.9636,0.9993,11,0.04,0.01,18
outputs/sensitivity/phi3/G/seed3/2025-12-24_00_51_23.132165/dataset_qty_2025-12-24_00_51_23.132165_per100.arff,G,,0.4842143906020558,,1405,100,1138,2248,908,10,2750,outputs/sensitivity/phi3/G/seed3/2025-12-24_00_51_23.132165,1073.6817593574524,1000,outputs/sensitivity/phi3/G/seed3/2025-12-24_00_51_23.132165/J48-data-100.out,10,0,41,40,2724,250,1.0,phi3,configs/sensitivity/property_trace/property_phi3_retry.py,89e86c8b64172d6134055285f658a3a2fbdc9447972b7f7935c87c16f51a8c0f,NUM1,NUM1 <= 5099525.201562,5099525.201562,1075.308316230774,3,True,scripts/test3/outputs/sensitivity/phi3/G/seed3/2025-12-24_00_51_23.132165/summary.json,3,17,31,1319,100.0,1.0,11,0.04,0.01,18
outputs/sensitivity/phi3/G/seed4/2025-12-24_01_09_18.548688/dataset_qty_2025-12-24_01_09_18.548688_per100.arff,G,,0.4797319932998325,,1553,100,1032,2235,995,10,2750,outputs/sensitivity/phi3/G/seed4/2025-12-24_01_09_18.548688,959.4313144683838,1000,outputs/sensitivity/phi3/G/seed4/2025-12-24_01_09_18.548688/J48-data-100.out,10,0,41,40,2985,250,1.0,phi3,configs/sensitivity/property_trace/property_phi3_retry.py,89e86c8b64172d6134055285f658a3a2fbdc9447972b7f7935c87c16f51a8c0f,NUM1,NUM1 <= 5193979.207036,5193979.207036,961.0171945095062,4,True,scripts/test3/outputs/sensitivity/phi3/G/seed4/2025-12-24_01_09_18.548688/summary.json,3,15,28,1432,99.9665,0.9993,9,0.04,0.01,15
scripts/test3/outputs/sensitivity/phi3/G2/seed0/2025-12-28_20_59_08.836155/dataset_qty_2025-12-28_20_59_08.836155_per100.arff,G2,2,0.4798994974874372,,1146,95,1472,2495,796,10,2750,scripts/test3/outputs/sensitivity/phi3/G2/seed0/2025-12-28_20_59_08.836155,1155.788433790207,1000,scripts/test3/outputs/sensitivity/phi3/G2/seed0/2025-12-28_20_59_08.836155/J48-data-100.out,10,0,41,40,2388,250,1.0,phi3,scripts/test3/configs/property_trace/property_phi3_retry.py,89e86c8b64172d6134055285f658a3a2fbdc9447972b7f7935c87c16f51a8c0f,NUM1,NUM1 <= 4697758.060655: TRUE (909.0),4697758.060655,1157.3970124721527,0,True,scripts/test3/outputs/sensitivity/phi3/G2/seed0/2025-12-28_20_59_08.836155/summary.json,3,12,24,1242,100.0,1.0,6,0.04,0.01,10
scripts/test3/outputs/sensitivity/phi3/G2/seed1/2025-12-28_21_18_26.344401/dataset_qty_2025-12-28_21_18_26.344401_per100.arff,G2,2,0.4747006566241792,,1229,95,1423,2519,863,10,2750,scripts/test3/outputs/sensitivity/phi3/G2/seed1/2025-12-28_21_18_26.344401,1282.4761018753052,1000,scripts/test3/outputs/sensitivity/phi3/G2/seed1/2025-12-28_21_18_26.344401/J48-data-100.out,10,0,41,40,2589,250,1.0,phi3,scripts/test3/configs/property_trace/property_phi3_retry.py,89e86c8b64172d6134055285f658a3a2fbdc9447972b7f7935c87c16f51a8c0f,NUM1,NUM1 <= 4699677.243786: TRUE (1009.0),4699677.243786,1284.088273525238,1,True,scripts/test3/outputs/sensitivity/phi3/G2/seed1/2025-12-28_21_18_26.344401/summary.json,3,12,24,1360,100.0,1.0,6,0.04,0.01,10
scripts/test3/outputs/sensitivity/phi3/G2/seed2/2025-12-28_21_39_50.548727/dataset_qty_2025-12-28_21_39_50.548727_per100.arff,G2,2,0.4848139711465452,,1277,95,1386,2484,878,10,2750,scripts/test3/outputs/sensitivity/phi3/G2/seed2/2025-12-28_21_39_50.548727,1359.586021900177,1000,scripts/test3/outputs/sensitivity/phi3/G2/seed2/2025-12-28_21_39_50.548727/J48-data-100.out,10,0,41,40,2634,250,1.0,phi3,scripts/test3/configs/property_trace/property_phi3_retry.py,89e86c8b64172d6134055285f658a3a2fbdc9447972b7f7935c87c16f51a8c0f,NUM1,NUM1 <= 4703115.211261: TRUE (959.0),4703115.211261,1361.1810574531555,2,True,scripts/test3/outputs/sensitivity/phi3/G2/seed2/2025-12-28_21_39_50.548727/summary.json,3,12,24,1357,100.0,1.0,6,0.04,0.01,10
scripts/test3/outputs/sensitivity/phi3/G2/seed3/2025-12-28_22_02_31.827048/dataset_qty_2025-12-28_22_02_31.827048_per100.arff,G2,2,0.4788391777509069,,1188,95,1445,2497,827,10,2750,scripts/test3/outputs/sensitivity/phi3/G2/seed3/2025-12-28_22_02_31.827048,1107.6650495529175,1000,scripts/test3/outputs/sensitivity/phi3/G2/seed3/2025-12-28_22_02_31.827048/J48-data-100.out,10,0,41,40,2481,250,1.0,phi3,scripts/test3/configs/property_trace/property_phi3_retry.py,89e86c8b64172d6134055285f658a3a2fbdc9447972b7f7935c87c16f51a8c0f,NUM1,NUM1 <= 4698374.08116: TRUE (943.0),4698374.08116,1109.2645292282104,3,True,scripts/test3/outputs/sensitivity/phi3/G2/seed3/2025-12-28_22_02_31.827048/summary.json,3,12,24,1293,100.0,1.0,6,0.04,0.01,10
scripts/test3/outputs/sensitivity/phi3/G2/seed4/2025-12-28_22_21_01.197473/dataset_qty_2025-12-28_22_21_01.197473_per100.arff,G2,2,0.48747591522157996,,1265,95,1406,2498,865,10,2750,scripts/test3/outputs/sensitivity/phi3/G2/seed4/2025-12-28_22_21_01.197473,1101.2111699581146,1000,scripts/test3/outputs/sensitivity/phi3/G2/seed4/2025-12-28_22_21_01.197473/J48-data-100.out,10,0,41,40,2595,250,1.0,phi3,scripts/test3/configs/property_trace/property_phi3_retry.py,89e86c8b64172d6134055285f658a3a2fbdc9447972b7f7935c87c16f51a8c0f,NUM1,NUM1 <= 4693719.873566: TRUE (938.0),4693719.873566,1102.7893199920654,4,True,scripts/test3/outputs/sensitivity/phi3/G2/seed4/2025-12-28_22_21_01.197473/summary.json,3,12,24,1330,99.9229,0.9985,6,0.04,0.01,10
scripts/test3/outputs/sensitivity/phi3/G3/seed0/2025-12-28_22_39_24.094595/dataset_qty_2025-12-28_22_39_24.094595_per100.arff,G3,3,0.4368279569892473,,975,91,1544,2514,744,10,2750,scripts/test3/outputs/sensitivity/phi3/G3/seed0/2025-12-28_22_39_24.094595,1110.6739478111267,1000,scripts/test3/outputs/sensitivity/phi3/G3/seed0/2025-12-28_22_39_24.094595/J48-data-100.out,10,0,41,40,2232,250,1.0,phi3,scripts/test3/configs/property_trace/property_phi3_retry.py,89e86c8b64172d6134055285f658a3a2fbdc9447972b7f7935c87c16f51a8c0f,NUM1,NUM1 <= 4704029.010091: TRUE (913.0),4704029.010091,1112.2367815971375,0,True,scripts/test3/outputs/sensitivity/phi3/G3/seed0/2025-12-28_22_39_24.094595/summary.json,3,12,24,1257,99.9104,0.9982,6,0.04,0.01,10
scripts/test3/outputs/sensitivity/phi3/G3/seed1/2025-12-28_22_57_56.452798/dataset_qty_2025-12-28_22_57_56.452798_per100.arff,G3,3,0.4395750332005312,,993,91,1515,2490,753,10,2750,scripts/test3/outputs/sensitivity/phi3/G3/seed1/2025-12-28_22_57_56.452798,1068.115062713623,1000,scripts/test3/outputs/sensitivity/phi3/G3/seed1/2025-12-28_22_57_56.452798/J48-data-100.out,10,0,41,40,2259,250,1.0,phi3,scripts/test3/configs/property_trace/property_phi3_retry.py,89e86c8b64172d6134055285f658a3a2fbdc9447972b7f7935c87c16f51a8c0f,NUM1,NUM1 <= 4702016.189781: TRUE (912.0),4702016.189781,1069.6696965694427,1,True,scripts/test3/outputs/sensitivity/phi3/G3/seed1/2025-12-28_22_57_56.452798/summary.json,3,12,24,1266,100.0,1.0,6,0.04,0.01,10
scripts/test3/outputs/sensitivity/phi3/G3/seed2/2025-12-28_23_15_46.238295/dataset_qty_2025-12-28_23_15_46.238295_per100.arff,G3,3,0.4444444444444444,,1000,91,1529,2509,750,10,2750,scripts/test3/outputs/sensitivity/phi3/G3/seed2/2025-12-28_23_15_46.238295,1206.8229939937592,1000,scripts/test3/outputs/sensitivity/phi3/G3/seed2/2025-12-28_23_15_46.238295/J48-data-100.out,10,0,41,40,2250,250,1.0,phi3,scripts/test3/configs/property_trace/property_phi3_retry.py,89e86c8b64172d6134055285f658a3a2fbdc9447972b7f7935c87c16f51a8c0f,NUM1,NUM1 <= 4700728.669803: TRUE (901.0),4700728.669803,1208.3646874427795,2,True,scripts/test3/outputs/sensitivity/phi3/G3/seed2/2025-12-28_23_15_46.238295/summary.json,3,12,24,1250,100.0,1.0,6,0.04,0.01,10
scripts/test3/outputs/sensitivity/phi3/G3/seed3/2025-12-28_23_35_54.698029/dataset_qty_2025-12-28_23_35_54.698029_per100.arff,G3,3,0.4355385920271416,,1027,91,1525,2536,786,10,2750,scripts/test3/outputs/sensitivity/phi3/G3/seed3/2025-12-28_23_35_54.698029,1213.7947945594788,1000,scripts/test3/outputs/sensitivity/phi3/G3/seed3/2025-12-28_23_35_54.698029/J48-data-100.out,10,0,41,40,2358,250,1.0,phi3,scripts/test3/configs/property_trace/property_phi3_retry.py,89e86c8b64172d6134055285f658a3a2fbdc9447972b7f7935c87c16f51a8c0f,NUM1,NUM1 <= 4692931.143911: TRUE (1005.0),4692931.143911,1215.3662383556366,3,True,scripts/test3/outputs/sensitivity/phi3/G3/seed3/2025-12-28_23_35_54.698029/summary.json,3,12,24,1331,100.0,1.0,6,0.04,0.01,10
scripts/test3/outputs/sensitivity/phi3/G3/seed4/2025-12-28_23_56_10.173536/dataset_qty_2025-12-28_23_56_10.173536_per100.arff,G3,3,0.4444444444444444,,1104,91,1461,2511,828,10,2750,scripts/test3/outputs/sensitivity/phi3/G3/seed4/2025-12-28_23_56_10.173536,1148.4255797863007,1000,scripts/test3/outputs/sensitivity/phi3/G3/seed4/2025-12-28_23_56_10.173536/J48-data-100.out,10,0,41,40,2484,250,1.0,phi3,scripts/test3/configs/property_trace/property_phi3_retry.py,89e86c8b64172d6134055285f658a3a2fbdc9447972b7f7935c87c16f51a8c0f,NUM1,NUM1 <= 4690960.04756: TRUE (999.0),4690960.04756,1149.9840943813324,4,True,scripts/test3/outputs/sensitivity/phi3/G3/seed4/2025-12-28_23_56_10.173536/summary.json,3,12,24,1380,100.0,1.0,6,0.04,0.01,10
outputs/sensitivity/phi3/O1/seed0/2025-12-24_07_13_32.084046/dataset_qty_2025-12-24_07_13_32.084046_per100.arff,O1,,0.4944635357006491,,1324,100,1027,2095,873,10,2750,outputs/sensitivity/phi3/O1/seed0/2025-12-24_07_13_32.084046,793.6313722133636,1000,outputs/sensitivity/phi3/O1/seed0/2025-12-24_07_13_32.084046/J48-data-100.out,10,0,41,40,2619,250,1.0,phi3,configs/sensitivity/property_trace/property_phi3_retry.py,89e86c8b64172d6134055285f658a3a2fbdc9447972b7f7935c87c16f51a8c0f,NUM1,NUM1 <= 5191565.198594,5191565.198594,795.2094624042511,0,True,scripts/test3/outputs/sensitivity/phi3/O1/seed0/2025-12-24_07_13_32.084046/summary.json,4,13,26,1295,99.9618,0.9992,7,0.04,0.01,12
outputs/sensitivity/phi3/O1/seed1/2025-12-24_07_26_47.392977/dataset_qty_2025-12-24_07_26_47.392977_per100.arff,O1,,0.4989923417976622,,1243,100,1061,2074,827,10,2750,outputs/sensitivity/phi3/O1/seed1/2025-12-24_07_26_47.392977,863.7149901390076,1000,outputs/sensitivity/phi3/O1/seed1/2025-12-24_07_26_47.392977/J48-data-100.out,10,0,41,40,2481,250,1.0,phi3,configs/sensitivity/property_trace/property_phi3_retry.py,89e86c8b64172d6134055285f658a3a2fbdc9447972b7f7935c87c16f51a8c0f,NUM1,NUM1 <= 5196991.05201,5196991.05201,865.2475259304047,1,True,scripts/test3/outputs/sensitivity/phi3/O1/seed1/2025-12-24_07_26_47.392977/summary.json,2,11,22,1238,99.9597,0.9992,5,0.03,0.01,8
outputs/sensitivity/phi3/O1/seed2/2025-12-24_07_41_12.796621/dataset_qty_2025-12-24_07_41_12.796621_per100.arff,O1,,0.478494623655914,,1261,100,1036,2032,806,10,2750,outputs/sensitivity/phi3/O1/seed2/2025-12-24_07_41_12.796621,875.7860007286072,1000,outputs/sensitivity/phi3/O1/seed2/2025-12-24_07_41_12.796621/J48-data-100.out,10,0,41,40,2418,250,1.0,phi3,configs/sensitivity/property_trace/property_phi3_retry.py,89e86c8b64172d6134055285f658a3a2fbdc9447972b7f7935c87c16f51a8c0f,NUM1,NUM1 <= 5197750.562648,5197750.562648,877.2960917949677,2,True,scripts/test3/outputs/sensitivity/phi3/O1/seed2/2025-12-24_07_41_12.796621/summary.json,4,13,26,1157,100.0,1.0,7,0.03,0.01,12
outputs/sensitivity/phi3/O1/seed3/2025-12-24_07_55_50.195474/dataset_qty_2025-12-24_07_55_50.195474_per100.arff,O1,,0.4880952380952381,,1376,100,1006,2092,896,10,2750,outputs/sensitivity/phi3/O1/seed3/2025-12-24_07_55_50.195474,895.9125571250916,1000,outputs/sensitivity/phi3/O1/seed3/2025-12-24_07_55_50.195474/J48-data-100.out,10,0,41,40,2688,250,1.0,phi3,configs/sensitivity/property_trace/property_phi3_retry.py,89e86c8b64172d6134055285f658a3a2fbdc9447972b7f7935c87c16f51a8c0f,NUM1,NUM1 <= 5195059.284809,5195059.284809,897.4904596805573,3,True,scripts/test3/outputs/sensitivity/phi3/O1/seed3/2025-12-24_07_55_50.195474/summary.json,2,11,22,1312,99.9628,0.9993,5,0.04,0.01,8
outputs/sensitivity/phi3/O1/seed4/2025-12-24_08_10_47.813714/dataset_qty_2025-12-24_08_10_47.813714_per100.arff,O1,,0.48156424581005586,,1392,100,1024,2121,895,10,2750,outputs/sensitivity/phi3/O1/seed4/2025-12-24_08_10_47.813714,817.8508780002594,1000,outputs/sensitivity/phi3/O1/seed4/2025-12-24_08_10_47.813714/J48-data-100.out,10,0,41,40,2685,250,1.0,phi3,configs/sensitivity/property_trace/property_phi3_retry.py,89e86c8b64172d6134055285f658a3a2fbdc9447972b7f7935c87c16f51a8c0f,NUM1,NUM1 <= 5198684.827807,5198684.827807,819.3946144580841,4,True,scripts/test3/outputs/sensitivity/phi3/O1/seed4/2025-12-24_08_10_47.813714/summary.json,4,13,26,1293,100.0,1.0,7,0.03,0.01,12
outputs/sensitivity/phi3/O2/seed0/2025-12-24_08_24_27.314754/dataset_qty_2025-12-24_08_24_27.314754_per100.arff,O2,,0.4248633879781421,,421,100,244,1691,1290,10,2750,outputs/sensitivity/phi3/O2/seed0/2025-12-24_08_24_27.314754,598.0380318164825,1000,outputs/sensitivity/phi3/O2/seed0/2025-12-24_08_24_27.314754/J48-data-100.out,10,0,41,40,732,250,1.0,phi3,configs/sensitivity/property_trace/property_phi3_retry.py,89e86c8b64172d6134055285f658a3a2fbdc9447972b7f7935c87c16f51a8c0f,NUM3,NUM3 <= 2.799387: TRUE (311.0),2.799387,599.3786385059357,0,True,scripts/test3/outputs/sensitivity/phi3/O2/seed0/2025-12-24_08_24_27.314754/summary.json,1,8,18,311,100.0,1.0,2,0.02,0.01,3
outputs/sensitivity/phi3/O2/seed1/2025-12-24_08_34_26.817967/dataset_qty_2025-12-24_08_34_26.817967_per100.arff,O2,,0.4307909604519774,,403,100,236,1658,1271,10,2750,outputs/sensitivity/phi3/O2/seed1/2025-12-24_08_34_26.817967,594.2329239845276,1000,outputs/sensitivity/phi3/O2/seed1/2025-12-24_08_34_26.817967/J48-data-100.out,10,0,41,40,708,250,1.0,phi3,configs/sensitivity/property_trace/property_phi3_retry.py,89e86c8b64172d6134055285f658a3a2fbdc9447972b7f7935c87c16f51a8c0f,NUM3,NUM3 <= 2.798718: TRUE (305.0),2.798718,595.577276468277,1,True,scripts/test3/outputs/sensitivity/phi3/O2/seed1/2025-12-24_08_34_26.817967/summary.json,1,8,18,305,100.0,1.0,2,0.02,0.01,3
outputs/sensitivity/phi3/O2/seed2/2025-12-24_08_44_22.507068/dataset_qty_2025-12-24_08_44_22.507068_per100.arff,O2,,0.43733333333333335,,422,100,250,1692,1290,10,2750,outputs/sensitivity/phi3/O2/seed2/2025-12-24_08_44_22.507068,702.1638598442078,1000,outputs/sensitivity/phi3/O2/seed2/2025-12-24_08_44_22.507068/J48-data-100.out,10,0,41,40,750,250,1.0,phi3,configs/sensitivity/property_trace/property_phi3_retry.py,89e86c8b64172d6134055285f658a3a2fbdc9447972b7f7935c87c16f51a8c0f,NUM3,NUM3 <= 2.799583: TRUE (328.0),2.799583,703.5009047985077,2,True,scripts/test3/outputs/sensitivity/phi3/O2/seed2/2025-12-24_08_44_22.507068/summary.json,1,8,18,328,100.0,1.0,2,0.02,0.01,3
outputs/sensitivity/phi3/O2/seed3/2025-12-24_08_56_06.159825/dataset_qty_2025-12-24_08_56_06.159825_per100.arff,O2,,0.43144654088050316,,452,100,265,1776,1352,10,2750,outputs/sensitivity/phi3/O2/seed3/2025-12-24_08_56_06.159825,694.8950073719025,1000,outputs/sensitivity/phi3/O2/seed3/2025-12-24_08_56_06.159825/J48-data-100.out,10,0,41,40,795,250,1.0,phi3,configs/sensitivity/property_trace/property_phi3_retry.py,89e86c8b64172d6134055285f658a3a2fbdc9447972b7f7935c87c16f51a8c0f,NUM3,NUM3 <= 2.799333: TRUE (343.0),2.799333,696.2428441047668,3,True,scripts/test3/outputs/sensitivity/phi3/O2/seed3/2025-12-24_08_56_06.159825/summary.json,1,8,18,343,100.0,1.0,2,0.02,0.01,3
outputs/sensitivity/phi3/O2/seed4/2025-12-24_09_07_42.519960/dataset_qty_2025-12-24_09_07_42.519960_per100.arff,O2,,0.44542772861356933,,376,100,226,1682,1295,10,2750,outputs/sensitivity/phi3/O2/seed4/2025-12-24_09_07_42.519960,597.1665585041046,1000,outputs/sensitivity/phi3/O2/seed4/2025-12-24_09_07_42.519960/J48-data-100.out,10,0,41,40,678,250,1.0,phi3,configs/sensitivity/property_trace/property_phi3_retry.py,89e86c8b64172d6134055285f658a3a2fbdc9447972b7f7935c87c16f51a8c0f,NUM3,NUM3 <= 2.799519: TRUE (302.0),2.799519,598.4907379150391,4,True,scripts/test3/outputs/sensitivity/phi3/O2/seed4/2025-12-24_09_07_42.519960/summary.json,1,8,18,302,100.0,1.0,2,0.02,0.01,3
outputs/sensitivity/phi3/O3/seed0/2025-12-24_09_17_41.128066/dataset_qty_2025-12-24_09_17_41.128066_per100.arff,O3,,,,0,100,0,2,2,10,2750,outputs/sensitivity/phi3/O3/seed0/2025-12-24_09_17_41.128066,158.50882816314697,1000,outputs/sensitivity/phi3/O3/seed0/2025-12-24_09_17_41.128066/J48-data-100.out,10,0,38,37,0,250,1.0,phi3,configs/sensitivity/property_trace/property_phi3_retry.py,89e86c8b64172d6134055285f658a3a2fbdc9447972b7f7935c87c16f51a8c0f,,,,158.64713287353516,0,False,scripts/test3/outputs/sensitivity/phi3/O3/seed0/2025-12-24_09_17_41.128066/summary.json,,,,0,,,,,,
outputs/sensitivity/phi3/O3/seed1/2025-12-24_09_20_19.865075/dataset_qty_2025-12-24_09_20_19.865075_per100.arff,O3,,,,0,100,0,2,2,10,2750,outputs/sensitivity/phi3/O3/seed1/2025-12-24_09_20_19.865075,159.5655755996704,1000,outputs/sensitivity/phi3/O3/seed1/2025-12-24_09_20_19.865075/J48-data-100.out,10,0,38,37,0,250,1.0,phi3,configs/sensitivity/property_trace/property_phi3_retry.py,89e86c8b64172d6134055285f658a3a2fbdc9447972b7f7935c87c16f51a8c0f,,,,159.7112967967987,1,False,scripts/test3/outputs/sensitivity/phi3/O3/seed1/2025-12-24_09_20_19.865075/summary.json,,,,0,,,,,,
outputs/sensitivity/phi3/O3/seed2/2025-12-24_09_22_59.693210/dataset_qty_2025-12-24_09_22_59.693210_per100.arff,O3,,,,0,100,0,2,2,10,2750,outputs/sensitivity/phi3/O3/seed2/2025-12-24_09_22_59.693210,159.05993390083313,1000,outputs/sensitivity/phi3/O3/seed2/2025-12-24_09_22_59.693210/J48-data-100.out,10,0,38,37,0,250,1.0,phi3,configs/sensitivity/property_trace/property_phi3_retry.py,89e86c8b64172d6134055285f658a3a2fbdc9447972b7f7935c87c16f51a8c0f,,,,159.20909142494202,2,False,scripts/test3/outputs/sensitivity/phi3/O3/seed2/2025-12-24_09_22_59.693210/summary.json,,,,0,,,,,,
outputs/sensitivity/phi3/O3/seed3/2025-12-24_09_25_38.972942/dataset_qty_2025-12-24_09_25_38.972942_per100.arff,O3,,,,0,100,0,2,2,10,2750,outputs/sensitivity/phi3/O3/seed3/2025-12-24_09_25_38.972942,159.88312292099,1000,outputs/sensitivity/phi3/O3/seed3/2025-12-24_09_25_38.972942/J48-data-100.out,10,0,38,37,0,250,1.0,phi3,configs/sensitivity/property_trace/property_phi3_retry.py,89e86c8b64172d6134055285f658a3a2fbdc9447972b7f7935c87c16f51a8c0f,,,,160.02596783638,3,False,scripts/test3/outputs/sensitivity/phi3/O3/seed3/2025-12-24_09_25_38.972942/summary.json,,,,0,,,,,,
outputs/sensitivity/phi3/O3/seed4/2025-12-24_09_28_19.100062/dataset_qty_2025-12-24_09_28_19.100062_per100.arff,O3,,,,0,100,0,2,2,10,2750,outputs/sensitivity/phi3/O3/seed4/2025-12-24_09_28_19.100062,162.28737807273865,1000,outputs/sensitivity/phi3/O3/seed4/2025-12-24_09_28_19.100062/J48-data-100.out,10,0,38,37,0,250,1.0,phi3,configs/sensitivity/property_trace/property_phi3_retry.py,89e86c8b64172d6134055285f658a3a2fbdc9447972b7f7935c87c16f51a8c0f,,,,162.44762229919434,4,False,scripts/test3/outputs/sensitivity/phi3/O3/seed4/2025-12-24_09_28_19.100062/summary.json,,,,0,,,,,,
outputs/sensitivity/phi3/B/seed0/2025-12-23_22_20_36.546645/dataset_qty_2025-12-23_22_20_36.546645_per100.arff,B,,0.4609164420485175,,600,100,371,1206,630,5,1500,outputs/sensitivity/phi3/B/seed0/2025-12-23_22_20_36.546645,212.70627331733704,300,outputs/sensitivity/phi3/B/seed0/2025-12-23_22_20_36.546645/J48-data-100.out,10,0,41,40,1113,250,1.0,phi3,configs/sensitivity/property_trace/property_phi3_retry.py,89e86c8b64172d6134055285f658a3a2fbdc9447972b7f7935c87c16f51a8c0f,NUM1,NUM1 <= 5156040.073625,5156040.073625,214.1210072040558,0,True,scripts/test3/outputs/sensitivity/phi3/B/seed0/2025-12-23_22_20_36.546645/summary.json,5,20,37,513,100.0,1.0,14,0.03,0.01,24
outputs/sensitivity/phi3/B/seed1/2025-12-24_09_31_01.670442/dataset_qty_2025-12-24_09_31_01.670442_per100.arff,B,,0.47119815668202764,,1377,100,868,2246,1167,10,2750,outputs/sensitivity/phi3/B/seed1/2025-12-24_09_31_01.670442,1107.8914375305176,1000,outputs/sensitivity/phi3/B/seed1/2025-12-24_09_31_01.670442/J48-data-100.out,10,0,41,40,2604,250,1.0,phi3,configs/sensitivity/property_trace/property_phi3_retry.py,89e86c8b64172d6134055285f658a3a2fbdc9447972b7f7935c87c16f51a8c0f,NUM1,NUM1 <= 5151434.019664,5151434.019664,1109.694774389267,1,True,scripts/test3/outputs/sensitivity/phi3/B/seed1/2025-12-24_09_31_01.670442/summary.json,6,30,56,1227,99.8848,0.9977,24,0.05,0.01,43
outputs/sensitivity/phi3/B/seed2/2025-12-24_09_49_31.473362/dataset_qty_2025-12-24_09_49_31.473362_per100.arff,B,,0.45203034359660865,,1228,100,747,2263,1304,10,2750,outputs/sensitivity/phi3/B/seed2/2025-12-24_09_49_31.473362,1014.032350063324,1000,outputs/sensitivity/phi3/B/seed2/2025-12-24_09_49_31.473362/J48-data-100.out,10,0,41,40,2241,250,1.0,phi3,configs/sensitivity/property_trace/property_phi3_retry.py,89e86c8b64172d6134055285f658a3a2fbdc9447972b7f7935c87c16f51a8c0f,NUM1,NUM1 <= 5162813.972705,5162813.972705,1015.6344211101532,2,True,scripts/test3/outputs/sensitivity/phi3/B/seed2/2025-12-24_09_49_31.473362/summary.json,5,23,43,1013,99.9554,0.9991,17,0.04,0.01,30
outputs/sensitivity/phi3/B/seed3/2025-12-24_10_06_27.236357/dataset_qty_2025-12-24_10_06_27.236357_per100.arff,B,,0.4579636670891424,,1283,100,789,2231,1245,10,2750,outputs/sensitivity/phi3/B/seed3/2025-12-24_10_06_27.236357,1073.1181955337524,1000,outputs/sensitivity/phi3/B/seed3/2025-12-24_10_06_27.236357/J48-data-100.out,10,0,41,40,2367,250,1.0,phi3,configs/sensitivity/property_trace/property_phi3_retry.py,89e86c8b64172d6134055285f658a3a2fbdc9447972b7f7935c87c16f51a8c0f,NUM1,NUM1 <= 5322132.669321,5322132.669321,1074.7503991127014,3,True,scripts/test3/outputs/sensitivity/phi3/B/seed3/2025-12-24_10_06_27.236357/summary.json,5,25,47,1084,99.9578,0.9991,19,0.04,0.01,34
outputs/sensitivity/phi3/B/seed4/2025-12-24_10_24_22.124365/dataset_qty_2025-12-24_10_24_22.124365_per100.arff,B,,0.4532843737250102,,1340,100,817,2251,1221,10,2750,outputs/sensitivity/phi3/B/seed4/2025-12-24_10_24_22.124365,1100.8297305107117,1000,outputs/sensitivity/phi3/B/seed4/2025-12-24_10_24_22.124365/J48-data-100.out,10,0,41,40,2451,250,1.0,phi3,configs/sensitivity/property_trace/property_phi3_retry.py,89e86c8b64172d6134055285f658a3a2fbdc9447972b7f7935c87c16f51a8c0f,NUM1,NUM1 <= 5174540.209653,5174540.209653,1102.5378534793854,4,True,scripts/test3/outputs/sensitivity/phi3/B/seed4/2025-12-24_10_24_22.124365/summary.json,6,26,49,1111,99.8776,0.9975,20,0.05,0.02,36
scripts/test3/outputs/sensitivity/phi4/B/seed0/2025-12-26_20_44_03.317450/dataset_qty_2025-12-26_20_44_03.317450_per100.arff,B,,0.3333333333333333,,56,100,28,2425,2175,10,2750,scripts/test3/outputs/sensitivity/phi4/B/seed0/2025-12-26_20_44_03.317450,505.02839612960815,1000,scripts/test3/outputs/sensitivity/phi4/B/seed0/2025-12-26_20_44_03.317450/J48-data-100.out,10,0,18,17,84,250,1.0,phi4,scripts/test3/configs/property_trace/property_phi4_normal.py,28315c4f7e894a9d681cedb80647ad96616d196c331931fe7d07aa32526cf7ff,NUM2,NUM2 <= 5.556345: TRUE (28.0),5.556345,505.9370012283325,0,True,scripts/test3/outputs/sensitivity/phi4/B/seed0/2025-12-26_20_44_03.317450/summary.json,1,8,18,28,100.0,1.0,2,0.02,0.0,3
scripts/test3/outputs/sensitivity/phi4/B/seed1/2025-12-26_07_56_20.614728/dataset_qty_2025-12-26_07_56_20.614728_per100.arff,B,,0.3333333333333333,,46,94,23,2442,2194,10,2750,scripts/test3/outputs/sensitivity/phi4/B/seed1/2025-12-26_07_56_20.614728,463.9020986557007,1000,scripts/test3/outputs/sensitivity/phi4/B/seed1/2025-12-26_07_56_20.614728/J48-data-100.out,10,0,18,17,69,250,1.0,phi4,scripts/test3/configs/property_trace/property_phi4_normal.py,28315c4f7e894a9d681cedb80647ad96616d196c331931fe7d07aa32526cf7ff,NUM2,NUM2 <= 5.521781: TRUE (23.0),5.521781,464.8505983352661,1,True,scripts/test3/outputs/sensitivity/phi4/B/seed1/2025-12-26_07_56_20.614728/summary.json,1,8,18,23,100.0,1.0,2,0.01,0.0,3
scripts/test3/outputs/sensitivity/phi4/B/seed2/2025-12-26_08_04_05.584551/dataset_qty_2025-12-26_08_04_05.584551_per100.arff,B,,0.3333333333333333,,30,100,15,2431,2203,10,2750,scripts/test3/outputs/sensitivity/phi4/B/seed2/2025-12-26_08_04_05.584551,543.2722582817078,1000,scripts/test3/outputs/sensitivity/phi4/B/seed2/2025-12-26_08_04_05.584551/J48-data-100.out,10,0,18,17,45,250,1.0,phi4,scripts/test3/configs/property_trace/property_phi4_normal.py,28315c4f7e894a9d681cedb80647ad96616d196c331931fe7d07aa32526cf7ff,NUM2,NUM2 <= 4.664574: TRUE (15.0),4.664574,544.214207649231,2,True,scripts/test3/outputs/sensitivity/phi4/B/seed2/2025-12-26_08_04_05.584551/summary.json,1,8,18,15,100.0,1.0,2,0.01,0.0,3
scripts/test3/outputs/sensitivity/phi4/B/seed3/2025-12-26_08_13_09.908971/dataset_qty_2025-12-26_08_13_09.908971_per100.arff,B,,0.3333333333333333,,40,100,20,2458,2214,10,2750,scripts/test3/outputs/sensitivity/phi4/B/seed3/2025-12-26_08_13_09.908971,463.0476953983307,1000,scripts/test3/outputs/sensitivity/phi4/B/seed3/2025-12-26_08_13_09.908971/J48-data-100.out,10,0,18,17,60,250,1.0,phi4,scripts/test3/configs/property_trace/property_phi4_normal.py,28315c4f7e894a9d681cedb80647ad96616d196c331931fe7d07aa32526cf7ff,NUM2,NUM2 <= 3.941237: TRUE (20.0),3.941237,463.9782781600952,3,True,scripts/test3/outputs/sensitivity/phi4/B/seed3/2025-12-26_08_13_09.908971/summary.json,1,8,18,20,100.0,1.0,2,0.01,0.0,3
scripts/test3/outputs/sensitivity/phi4/B/seed4/2025-12-26_08_20_53.994461/dataset_qty_2025-12-26_08_20_53.994461_per100.arff,B,,0.3333333333333333,,30,100,15,2468,2230,10,2750,scripts/test3/outputs/sensitivity/phi4/B/seed4/2025-12-26_08_20_53.994461,477.8077313899994,1000,scripts/test3/outputs/sensitivity/phi4/B/seed4/2025-12-26_08_20_53.994461/J48-data-100.out,10,0,18,17,45,250,1.0,phi4,scripts/test3/configs/property_trace/property_phi4_normal.py,28315c4f7e894a9d681cedb80647ad96616d196c331931fe7d07aa32526cf7ff,NUM2,NUM2 <= 5.108365: TRUE (15.0),5.108365,478.6781978607178,4,True,scripts/test3/outputs/sensitivity/phi4/B/seed4/2025-12-26_08_20_53.994461/summary.json,1,8,18,15,100.0,1.0,2,0.01,0.0,3
scripts/test3/outputs/sensitivity/phi4/G/seed0/2025-12-26_20_52_29.431810/dataset_qty_2025-12-26_20_52_29.431810_per100.arff,G,,0.3333333333333333,,206,94,103,2330,2005,10,2750,scripts/test3/outputs/sensitivity/phi4/G/seed0/2025-12-26_20_52_29.431810,463.1452851295471,1000,scripts/test3/outputs/sensitivity/phi4/G/seed0/2025-12-26_20_52_29.431810/J48-data-100.out,10,0,18,17,309,250,1.0,phi4,scripts/test3/configs/property_trace/property_phi4_normal.py,28315c4f7e894a9d681cedb80647ad96616d196c331931fe7d07aa32526cf7ff,NUM1,NUM1 <= 16: TRUE (103.0),16.0,464.1503448486328,0,True,scripts/test3/outputs/sensitivity/phi4/G/seed0/2025-12-26_20_52_29.431810/summary.json,1,8,18,103,100.0,1.0,2,0.02,0.0,3
scripts/test3/outputs/sensitivity/phi4/G/seed1/2025-12-26_08_28_52.773830/dataset_qty_2025-12-26_08_28_52.773830_per100.arff,G,,0.3333333333333333,,168,94,84,2369,2065,10,2750,scripts/test3/outputs/sensitivity/phi4/G/seed1/2025-12-26_08_28_52.773830,435.0129237174988,1000,scripts/test3/outputs/sensitivity/phi4/G/seed1/2025-12-26_08_28_52.773830/J48-data-100.out,10,0,18,17,252,250,1.0,phi4,scripts/test3/configs/property_trace/property_phi4_normal.py,28315c4f7e894a9d681cedb80647ad96616d196c331931fe7d07aa32526cf7ff,NUM1,NUM1 <= 16: TRUE (84.0),16.0,435.9502577781677,1,True,scripts/test3/outputs/sensitivity/phi4/G/seed1/2025-12-26_08_28_52.773830/summary.json,1,8,18,84,100.0,1.0,2,0.01,0.0,3
scripts/test3/outputs/sensitivity/phi4/G/seed2/2025-12-26_08_36_08.832491/dataset_qty_2025-12-26_08_36_08.832491_per100.arff,G,,0.3333333333333333,,200,94,100,2362,2044,10,2750,scripts/test3/outputs/sensitivity/phi4/G/seed2/2025-12-26_08_36_08.832491,527.2054648399353,1000,scripts/test3/outputs/sensitivity/phi4/G/seed2/2025-12-26_08_36_08.832491/J48-data-100.out,10,0,18,17,300,250,1.0,phi4,scripts/test3/configs/property_trace/property_phi4_normal.py,28315c4f7e894a9d681cedb80647ad96616d196c331931fe7d07aa32526cf7ff,NUM1,NUM1 <= 16: TRUE (100.0),16.0,528.1382002830505,2,True,scripts/test3/outputs/sensitivity/phi4/G/seed2/2025-12-26_08_36_08.832491/summary.json,1,8,18,100,100.0,1.0,2,0.01,0.0,3
scripts/test3/outputs/sensitivity/phi4/G/seed3/2025-12-26_08_44_57.076361/dataset_qty_2025-12-26_08_44_57.076361_per100.arff,G,,0.3333333333333333,,164,94,82,2344,2059,10,2750,scripts/test3/outputs/sensitivity/phi4/G/seed3/2025-12-26_08_44_57.076361,430.9224832057953,1000,scripts/test3/outputs/sensitivity/phi4/G/seed3/2025-12-26_08_44_57.076361/J48-data-100.out,10,0,18,17,246,250,1.0,phi4,scripts/test3/configs/property_trace/property_phi4_normal.py,28315c4f7e894a9d681cedb80647ad96616d196c331931fe7d07aa32526cf7ff,NUM1,NUM1 <= 16: TRUE (82.0),16.0,431.8447976112366,3,True,scripts/test3/outputs/sensitivity/phi4/G/seed3/2025-12-26_08_44_57.076361/summary.json,1,8,18,82,100.0,1.0,2,0.02,0.0,3
scripts/test3/outputs/sensitivity/phi4/G/seed4/2025-12-26_08_52_09.057712/dataset_qty_2025-12-26_08_52_09.057712_per100.arff,G,,0.3333333333333333,,168,94,84,2358,2053,10,2750,scripts/test3/outputs/sensitivity/phi4/G/seed4/2025-12-26_08_52_09.057712,533.001785993576,1000,scripts/test3/outputs/sensitivity/phi4/G/seed4/2025-12-26_08_52_09.057712/J48-data-100.out,10,0,18,17,252,250,1.0,phi4,scripts/test3/configs/property_trace/property_phi4_normal.py,28315c4f7e894a9d681cedb80647ad96616d196c331931fe7d07aa32526cf7ff,NUM1,NUM1 <= 16: TRUE (84.0),16.0,533.9488983154297,4,True,scripts/test3/outputs/sensitivity/phi4/G/seed4/2025-12-26_08_52_09.057712/summary.json,1,8,18,84,100.0,1.0,2,0.02,0.0,3
scripts/test3/outputs/sensitivity/phi4/G2/seed0/2025-12-29_00_15_20.293817/dataset_qty_2025-12-29_00_15_20.293817_per100.arff,G2,2,0.3333333333333333,,328,84,164,2498,2104,10,2750,scripts/test3/outputs/sensitivity/phi4/G2/seed0/2025-12-29_00_15_20.293817,478.7199101448059,1000,scripts/test3/outputs/sensitivity/phi4/G2/seed0/2025-12-29_00_15_20.293817/J48-data-100.out,10,0,18,17,492,250,1.0,phi4,scripts/test3/configs/property_trace/property_phi4_normal.py,28315c4f7e894a9d681cedb80647ad96616d196c331931fe7d07aa32526cf7ff,NUM2,NUM2 <= 6.795989,6.795989,479.67426586151123,0,True,scripts/test3/outputs/sensitivity/phi4/G2/seed0/2025-12-29_00_15_20.293817/summary.json,1,9,19,164,100.0,1.0,3,0.02,0.0,5
scripts/test3/outputs/sensitivity/phi4/G2/seed1/2025-12-29_00_23_20.058991/dataset_qty_2025-12-29_00_23_20.058991_per100.arff,G2,2,0.3333333333333333,,278,84,139,2472,2118,10,2750,scripts/test3/outputs/sensitivity/phi4/G2/seed1/2025-12-29_00_23_20.058991,589.7674345970154,1000,scripts/test3/outputs/sensitivity/phi4/G2/seed1/2025-12-29_00_23_20.058991/J48-data-100.out,10,0,18,17,417,250,1.0,phi4,scripts/test3/configs/property_trace/property_phi4_normal.py,28315c4f7e894a9d681cedb80647ad96616d196c331931fe7d07aa32526cf7ff,NUM1,NUM1 <= 16,16.0,590.723237991333,1,True,scripts/test3/outputs/sensitivity/phi4/G2/seed1/2025-12-29_00_23_20.058991/summary.json,1,9,19,139,100.0,1.0,3,0.02,0.0,5
scripts/test3/outputs/sensitivity/phi4/G2/seed2/2025-12-29_00_33_10.879862/dataset_qty_2025-12-29_00_33_10.879862_per100.arff,G2,2,0.3333333333333333,,310,84,155,2515,2136,10,2750,scripts/test3/outputs/sensitivity/phi4/G2/seed2/2025-12-29_00_33_10.879862,496.2407875061035,1000,scripts/test3/outputs/sensitivity/phi4/G2/seed2/2025-12-29_00_33_10.879862/J48-data-100.out,10,0,18,17,465,250,1.0,phi4,scripts/test3/configs/property_trace/property_phi4_normal.py,28315c4f7e894a9d681cedb80647ad96616d196c331931fe7d07aa32526cf7ff,NUM2,NUM2 <= 6.761526,6.761526,497.21439814567566,2,True,scripts/test3/outputs/sensitivity/phi4/G2/seed2/2025-12-29_00_33_10.879862/summary.json,1,9,19,155,100.0,1.0,3,0.02,0.0,5
scripts/test3/outputs/sensitivity/phi4/G2/seed3/2025-12-29_00_41_28.216931/dataset_qty_2025-12-29_00_41_28.216931_per100.arff,G2,2,0.3333333333333333,,318,84,159,2523,2129,10,2750,scripts/test3/outputs/sensitivity/phi4/G2/seed3/2025-12-29_00_41_28.216931,491.58497381210327,1000,scripts/test3/outputs/sensitivity/phi4/G2/seed3/2025-12-29_00_41_28.216931/J48-data-100.out,10,0,18,17,477,250,1.0,phi4,scripts/test3/configs/property_trace/property_phi4_normal.py,28315c4f7e894a9d681cedb80647ad96616d196c331931fe7d07aa32526cf7ff,NUM1,NUM1 <= 16,16.0,492.5685455799103,3,True,scripts/test3/outputs/sensitivity/phi4/G2/seed3/2025-12-29_00_41_28.216931/summary.json,1,9,19,159,100.0,1.0,3,0.02,0.0,5
scripts/test3/outputs/sensitivity/phi4/G2/seed4/2025-12-29_00_49_40.891079/dataset_qty_2025-12-29_00_49_40.891079_per100.arff,G2,2,0.3333333333333333,,322,84,161,2509,2120,10,2750,scripts/test3/outputs/sensitivity/phi4/G2/seed4/2025-12-29_00_49_40.891079,489.9802725315094,1000,scripts/test3/outputs/sensitivity/phi4/G2/seed4/2025-12-29_00_49_40.891079/J48-data-100.out,10,0,18,17,483,250,1.0,phi4,scripts/test3/configs/property_trace/property_phi4_normal.py,28315c4f7e894a9d681cedb80647ad96616d196c331931fe7d07aa32526cf7ff,NUM2,NUM2 <= 6.781284,6.781284,490.9626727104187,4,True,scripts/test3/outputs/sensitivity/phi4/G2/seed4/2025-12-29_00_49_40.891079/summary.json,1,9,19,161,100.0,1.0,3,0.02,0.0,5
scripts/test3/outputs/sensitivity/phi4/G3/seed0/2025-12-29_00_57_51.945369/dataset_qty_2025-12-29_00_57_51.945369_per100.arff,G3,3,0.36363636363636365,,378,73,198,2511,2096,10,2750,scripts/test3/outputs/sensitivity/phi4/G3/seed0/2025-12-29_00_57_51.945369,571.7153816223145,1000,scripts/test3/outputs/sensitivity/phi4/G3/seed0/2025-12-29_00_57_51.945369/J48-data-100.out,10,0,18,17,594,250,1.0,phi4,scripts/test3/configs/property_trace/property_phi4_normal.py,28315c4f7e894a9d681cedb80647ad96616d196c331931fe7d07aa32526cf7ff,NUM2,NUM2 <= 6.786366,6.786366,572.7065081596375,0,True,scripts/test3/outputs/sensitivity/phi4/G3/seed0/2025-12-29_00_57_51.945369/summary.json,3,13,27,216,100.0,1.0,7,0.02,0.01,13
scripts/test3/outputs/sensitivity/phi4/G3/seed1/2025-12-29_01_07_24.731795/dataset_qty_2025-12-29_01_07_24.731795_per100.arff,G3,3,0.3607843137254902,,326,73,170,2474,2076,10,2750,scripts/test3/outputs/sensitivity/phi4/G3/seed1/2025-12-29_01_07_24.731795,479.3063004016876,1000,scripts/test3/outputs/sensitivity/phi4/G3/seed1/2025-12-29_01_07_24.731795/J48-data-100.out,10,0,18,17,510,250,1.0,phi4,scripts/test3/configs/property_trace/property_phi4_normal.py,28315c4f7e894a9d681cedb80647ad96616d196c331931fe7d07aa32526cf7ff,NUM1,NUM1 <= 16,16.0,480.2897238731384,1,True,scripts/test3/outputs/sensitivity/phi4/G3/seed1/2025-12-29_01_07_24.731795/summary.json,5,13,27,184,99.8039,0.9958,7,0.02,0.0,13
scripts/test3/outputs/sensitivity/phi4/G3/seed2/2025-12-29_01_15_25.162433/dataset_qty_2025-12-29_01_15_25.162433_per100.arff,G3,3,0.3654618473895582,,316,73,166,2483,2093,10,2750,scripts/test3/outputs/sensitivity/phi4/G3/seed2/2025-12-29_01_15_25.162433,587.6430215835571,1000,scripts/test3/outputs/sensitivity/phi4/G3/seed2/2025-12-29_01_15_25.162433/J48-data-100.out,10,0,18,17,498,250,1.0,phi4,scripts/test3/configs/property_trace/property_phi4_normal.py,28315c4f7e894a9d681cedb80647ad96616d196c331931fe7d07aa32526cf7ff,NUM1,NUM1 <= 14,14.0,588.6547653675079,2,True,scripts/test3/outputs/sensitivity/phi4/G3/seed2/2025-12-29_01_15_25.162433/summary.json,2,11,22,182,98.996,0.9785,5,0.02,0.0,9
scripts/test3/outputs/sensitivity/phi4/G3/seed3/2025-12-29_01_25_13.930522/dataset_qty_2025-12-29_01_25_13.930522_per100.arff,G3,3,0.368836291913215,,320,73,169,2503,2107,10,2750,scripts/test3/outputs/sensitivity/phi4/G3/seed3/2025-12-29_01_25_13.930522,483.23871636390686,1000,scripts/test3/outputs/sensitivity/phi4/G3/seed3/2025-12-29_01_25_13.930522/J48-data-100.out,10,0,18,17,507,250,1.0,phi4,scripts/test3/configs/property_trace/property_phi4_normal.py,28315c4f7e894a9d681cedb80647ad96616d196c331931fe7d07aa32526cf7ff,NUM1,NUM1 <= 15,15.0,484.216002702713,3,True,scripts/test3/outputs/sensitivity/phi4/G3/seed3/2025-12-29_01_25_13.930522/summary.json,5,13,27,187,100.0,1.0,7,0.02,0.0,13
scripts/test3/outputs/sensitivity/phi4/G3/seed4/2025-12-29_01_33_18.299009/dataset_qty_2025-12-29_01_33_18.299009_per100.arff,G3,3,0.35067437379576105,,337,73,173,2499,2108,10,2750,scripts/test3/outputs/sensitivity/phi4/G3/seed4/2025-12-29_01_33_18.299009,605.8887465000153,1000,scripts/test3/outputs/sensitivity/phi4/G3/seed4/2025-12-29_01_33_18.299009/J48-data-100.out,10,0,18,17,519,250,1.0,phi4,scripts/test3/configs/property_trace/property_phi4_normal.py,28315c4f7e894a9d681cedb80647ad96616d196c331931fe7d07aa32526cf7ff,NUM1,NUM1 <= 16,16.0,606.8691153526306,4,True,scripts/test3/outputs/sensitivity/phi4/G3/seed4/2025-12-29_01_33_18.299009/summary.json,3,13,27,182,99.422,0.9873,7,0.02,0.0,13
scripts/test3/outputs/sensitivity/phi4/O/seed0/2025-12-26_21_00_13.752956/dataset_qty_2025-12-26_21_00_13.752956_per100.arff,O,,,,0,94,0,2503,2274,10,2750,scripts/test3/outputs/sensitivity/phi4/O/seed0/2025-12-26_21_00_13.752956,530.9088571071625,1000,scripts/test3/outputs/sensitivity/phi4/O/seed0/2025-12-26_21_00_13.752956/J48-data-100.out,10,0,16,15,0,250,1.0,phi4,scripts/test3/configs/property_trace/property_phi4_normal.py,28315c4f7e894a9d681cedb80647ad96616d196c331931fe7d07aa32526cf7ff,,,,530.971773147583,0,False,scripts/test3/outputs/sensitivity/phi4/O/seed0/2025-12-26_21_00_13.752956/summary.json,,,,0,,,,,,
scripts/test3/outputs/sensitivity/phi4/O/seed1/2025-12-26_09_01_03.124001/dataset_qty_2025-12-26_09_01_03.124001_per100.arff,O,,,,0,94,0,2494,2271,10,2750,scripts/test3/outputs/sensitivity/phi4/O/seed1/2025-12-26_09_01_03.124001,497.94972801208496,1000,scripts/test3/outputs/sensitivity/phi4/O/seed1/2025-12-26_09_01_03.124001/J48-data-100.out,10,0,16,15,0,250,1.0,phi4,scripts/test3/configs/property_trace/property_phi4_normal.py,28315c4f7e894a9d681cedb80647ad96616d196c331931fe7d07aa32526cf7ff,,,,498.0379981994629,1,False,scripts/test3/outputs/sensitivity/phi4/O/seed1/2025-12-26_09_01_03.124001/summary.json,,,,0,,,,,,
scripts/test3/outputs/sensitivity/phi4/O/seed2/2025-12-26_09_09_21.261418/dataset_qty_2025-12-26_09_09_21.261418_per100.arff,O,,,,0,94,0,2507,2277,10,2750,scripts/test3/outputs/sensitivity/phi4/O/seed2/2025-12-26_09_09_21.261418,490.150897026062,1000,scripts/test3/outputs/sensitivity/phi4/O/seed2/2025-12-26_09_09_21.261418/J48-data-100.out,10,0,16,15,0,250,1.0,phi4,scripts/test3/configs/property_trace/property_phi4_normal.py,28315c4f7e894a9d681cedb80647ad96616d196c331931fe7d07aa32526cf7ff,,,,490.2226359844208,2,False,scripts/test3/outputs/sensitivity/phi4/O/seed2/2025-12-26_09_09_21.261418/summary.json,,,,0,,,,,,
scripts/test3/outputs/sensitivity/phi4/O/seed3/2025-12-26_09_17_31.598594/dataset_qty_2025-12-26_09_17_31.598594_per100.arff,O,,,,0,94,0,2505,2283,10,2750,scripts/test3/outputs/sensitivity/phi4/O/seed3/2025-12-26_09_17_31.598594,494.95064902305603,1000,scripts/test3/outputs/sensitivity/phi4/O/seed3/2025-12-26_09_17_31.598594/J48-data-100.out,10,0,16,15,0,250,1.0,phi4,scripts/test3/configs/property_trace/property_phi4_normal.py,28315c4f7e894a9d681cedb80647ad96616d196c331931fe7d07aa32526cf7ff,,,,495.0320374965668,3,False,scripts/test3/outputs/sensitivity/phi4/O/seed3/2025-12-26_09_17_31.598594/summary.json,,,,0,,,,,,
scripts/test3/outputs/sensitivity/phi4/O/seed4/2025-12-26_09_25_46.725628/dataset_qty_2025-12-26_09_25_46.725628_per100.arff,O,,,,0,94,0,2503,2274,10,2750,scripts/test3/outputs/sensitivity/phi4/O/seed4/2025-12-26_09_25_46.725628,520.9777479171753,1000,scripts/test3/outputs/sensitivity/phi4/O/seed4/2025-12-26_09_25_46.725628/J48-data-100.out,10,0,16,15,0,250,1.0,phi4,scripts/test3/configs/property_trace/property_phi4_normal.py,28315c4f7e894a9d681cedb80647ad96616d196c331931fe7d07aa32526cf7ff,,,,521.0578370094299,4,False,scripts/test3/outputs/sensitivity/phi4/O/seed4/2025-12-26_09_25_46.725628/summary.json,,,,0,,,,,,
scripts/test3/outputs/sensitivity/AT53_AT119/B/seed0/2025-12-27_07_11_14.762624/dataset_qty_2025-12-27_07_11_14.762624_per100.arff,B,,0.3975095785440613,,629,100,348,1062,682,10,2750,scripts/test3/outputs/sensitivity/AT53_AT119/B/seed0/2025-12-27_07_11_14.762624,4409.790906190872,1000,scripts/test3/outputs/sensitivity/AT53_AT119/B/seed0/2025-12-27_07_11_14.762624/J48-data-100.out,10,0,33,32,1044,250,1.0,AT53_AT119,scripts/test3/configs/property_trace/property_AT53_AT119.py,7f1fafc8e7b5648c3a7e55cf05b836d42b11b4d0921238ce566622d5412e1034,,QUANTIFIERS1 = ForAll: FALSE (628.0),,4411.14356470108,0,True,scripts/test3/outputs/sensitivity/AT53_AT119/B/seed0/2025-12-27_07_11_14.762624/summary.json,1,8,18,415,99.9042,0.998,2,0.02,0.01,3
scripts/test3/outputs/sensitivity/AT53_AT119/B/seed1/2025-12-27_08_24_46.007077/dataset_qty_2025-12-27_08_24_46.007077_per100.arff,B,,0.3810916179337232,,635,100,342,1079,683,10,2750,scripts/test3/outputs/sensitivity/AT53_AT119/B/seed1/2025-12-27_08_24_46.007077,4223.3515293598175,1000,scripts/test3/outputs/sensitivity/AT53_AT119/B/seed1/2025-12-27_08_24_46.007077/J48-data-100.out,10,0,33,32,1026,250,1.0,AT53_AT119,scripts/test3/configs/property_trace/property_AT53_AT119.py,7f1fafc8e7b5648c3a7e55cf05b836d42b11b4d0921238ce566622d5412e1034,,QUANTIFIERS1 = ForAll: FALSE (634.0),,4224.712313890457,1,True,scripts/test3/outputs/sensitivity/AT53_AT119/B/seed1/2025-12-27_08_24_46.007077/summary.json,1,8,18,391,99.9025,0.9979,2,0.02,0.01,3
scripts/test3/outputs/sensitivity/AT53_AT119/B/seed2/2025-12-27_09_35_10.829844/dataset_qty_2025-12-27_09_35_10.829844_per100.arff,B,,0.3766364551863041,,619,100,331,1012,649,10,2750,scripts/test3/outputs/sensitivity/AT53_AT119/B/seed2/2025-12-27_09_35_10.829844,4294.036128997803,1000,scripts/test3/outputs/sensitivity/AT53_AT119/B/seed2/2025-12-27_09_35_10.829844/J48-data-100.out,10,0,33,32,993,250,1.0,AT53_AT119,scripts/test3/configs/property_trace/property_AT53_AT119.py,7f1fafc8e7b5648c3a7e55cf05b836d42b11b4d0921238ce566622d5412e1034,,QUANTIFIERS1 = ForAll: FALSE (618.0),,4295.374837875366,2,True,scripts/test3/outputs/sensitivity/AT53_AT119/B/seed2/2025-12-27_09_35_10.829844/summary.json,1,8,18,374,99.8993,0.9979,2,0.02,0.01,3
scripts/test3/outputs/sensitivity/AT53_AT119/B/seed3/2025-12-27_10_46_46.310449/dataset_qty_2025-12-27_10_46_46.310449_per100.arff,B,,0.37920489296636084,,609,100,327,1032,668,10,2750,scripts/test3/outputs/sensitivity/AT53_AT119/B/seed3/2025-12-27_10_46_46.310449,4362.394676923752,1000,scripts/test3/outputs/sensitivity/AT53_AT119/B/seed3/2025-12-27_10_46_46.310449/J48-data-100.out,10,0,33,32,981,250,1.0,AT53_AT119,scripts/test3/configs/property_trace/property_AT53_AT119.py,7f1fafc8e7b5648c3a7e55cf05b836d42b11b4d0921238ce566622d5412e1034,,QUANTIFIERS1 = ForAll: FALSE (608.0),,4363.7253839969635,3,True,scripts/test3/outputs/sensitivity/AT53_AT119/B/seed3/2025-12-27_10_46_46.310449/summary.json,1,8,18,372,99.8981,0.9978,2,0.02,0.01,3
scripts/test3/outputs/sensitivity/AT53_AT119/B/seed4/2025-12-27_11_59_30.139779/dataset_qty_2025-12-27_11_59_30.139779_per100.arff,B,,0.3865147198480532,,646,100,351,1030,681,10,2750,scripts/test3/outputs/sensitivity/AT53_AT119/B/seed4/2025-12-27_11_59_30.139779,4504.664603710175,1000,scripts/test3/outputs/sensitivity/AT53_AT119/B/seed4/2025-12-27_11_59_30.139779/J48-data-100.out,10,0,33,32,1053,250,1.0,AT53_AT119,scripts/test3/configs/property_trace/property_AT53_AT119.py,7f1fafc8e7b5648c3a7e55cf05b836d42b11b4d0921238ce566622d5412e1034,,QUANTIFIERS1 = ForAll: FALSE (645.0),,4506.041157484055,4,True,scripts/test3/outputs/sensitivity/AT53_AT119/B/seed4/2025-12-27_11_59_30.139779/summary.json,1,8,18,407,99.905,0.998,2,0.02,0.01,3
scripts/test3/outputs/sensitivity/AT53_AT119/G/seed0/2025-12-27_13_14_36.301195/dataset_qty_2025-12-27_13_14_36.301195_per100.arff,G,,0.40117994100294985,,609,100,339,1064,720,10,2750,scripts/test3/outputs/sensitivity/AT53_AT119/G/seed0/2025-12-27_13_14_36.301195,4639.263512372971,1000,scripts/test3/outputs/sensitivity/AT53_AT119/G/seed0/2025-12-27_13_14_36.301195/J48-data-100.out,10,0,33,32,1017,250,1.0,AT53_AT119,scripts/test3/configs/property_trace/property_AT53_AT119.py,7f1fafc8e7b5648c3a7e55cf05b836d42b11b4d0921238ce566622d5412e1034,,QUANTIFIERS1 = ForAll: FALSE (608.0),,4640.604560375214,0,True,scripts/test3/outputs/sensitivity/AT53_AT119/G/seed0/2025-12-27_13_14_36.301195/summary.json,1,8,18,408,99.9017,0.998,2,0.02,0.01,3
scripts/test3/outputs/sensitivity/AT53_AT119/G/seed1/2025-12-27_14_31_57.012644/dataset_qty_2025-12-27_14_31_57.012644_per100.arff,G,,0.3988919667590028,,651,100,361,1073,687,10,2750,scripts/test3/outputs/sensitivity/AT53_AT119/G/seed1/2025-12-27_14_31_57.012644,4253.7884311676025,1000,scripts/test3/outputs/sensitivity/AT53_AT119/G/seed1/2025-12-27_14_31_57.012644/J48-data-100.out,10,0,33,32,1083,250,1.0,AT53_AT119,scripts/test3/configs/property_trace/property_AT53_AT119.py,7f1fafc8e7b5648c3a7e55cf05b836d42b11b4d0921238ce566622d5412e1034,,QUANTIFIERS1 = ForAll: FALSE (650.0),,4255.142836093903,1,True,scripts/test3/outputs/sensitivity/AT53_AT119/G/seed1/2025-12-27_14_31_57.012644/summary.json,1,8,18,432,99.9077,0.9981,2,0.02,0.01,3
scripts/test3/outputs/sensitivity/AT53_AT119/G/seed2/2025-12-27_15_42_52.255403/dataset_qty_2025-12-27_15_42_52.255403_per100.arff,G,,0.38688524590163936,,561,100,305,955,642,10,2750,scripts/test3/outputs/sensitivity/AT53_AT119/G/seed2/2025-12-27_15_42_52.255403,4474.708796739578,1000,scripts/test3/outputs/sensitivity/AT53_AT119/G/seed2/2025-12-27_15_42_52.255403/J48-data-100.out,10,0,33,32,915,250,1.0,AT53_AT119,scripts/test3/configs/property_trace/property_AT53_AT119.py,7f1fafc8e7b5648c3a7e55cf05b836d42b11b4d0921238ce566622d5412e1034,,QUANTIFIERS1 = ForAll: FALSE (560.0),,4476.0123546123505,2,True,scripts/test3/outputs/sensitivity/AT53_AT119/G/seed2/2025-12-27_15_42_52.255403/summary.json,1,8,18,354,99.8907,0.9977,2,0.02,0.01,3
scripts/test3/outputs/sensitivity/AT53_AT119/G/seed3/2025-12-27_16_57_28.374052/dataset_qty_2025-12-27_16_57_28.374052_per100.arff,G,,0.38871794871794874,,596,100,325,1026,664,10,2750,scripts/test3/outputs/sensitivity/AT53_AT119/G/seed3/2025-12-27_16_57_28.374052,4089.278061389923,1000,scripts/test3/outputs/sensitivity/AT53_AT119/G/seed3/2025-12-27_16_57_28.374052/J48-data-100.out,10,0,33,32,975,250,1.0,AT53_AT119,scripts/test3/configs/property_trace/property_AT53_AT119.py,7f1fafc8e7b5648c3a7e55cf05b836d42b11b4d0921238ce566622d5412e1034,,QUANTIFIERS1 = ForAll: FALSE (595.0),,4090.602199316025,3,True,scripts/test3/outputs/sensitivity/AT53_AT119/G/seed3/2025-12-27_16_57_28.374052/summary.json,1,8,18,379,99.8974,0.9978,2,0.02,0.01,3
scripts/test3/outputs/sensitivity/AT53_AT119/G/seed4/2025-12-27_18_05_39.084261/dataset_qty_2025-12-27_18_05_39.084261_per100.arff,G,,0.36879432624113473,,534,100,282,1014,706,10,2750,scripts/test3/outputs/sensitivity/AT53_AT119/G/seed4/2025-12-27_18_05_39.084261,4671.445995569229,1000,scripts/test3/outputs/sensitivity/AT53_AT119/G/seed4/2025-12-27_18_05_39.084261/J48-data-100.out,10,0,33,32,846,250,1.0,AT53_AT119,scripts/test3/configs/property_trace/property_AT53_AT119.py,7f1fafc8e7b5648c3a7e55cf05b836d42b11b4d0921238ce566622d5412e1034,,QUANTIFIERS1 = ForAll: FALSE (533.0),,4672.761740207672,4,True,scripts/test3/outputs/sensitivity/AT53_AT119/G/seed4/2025-12-27_18_05_39.084261/summary.json,1,8,18,312,99.8818,0.9975,2,0.02,0.01,3
scripts/test3/outputs/sensitivity/AT53_AT119/G2/seed0/2025-12-29_01_43_25.468875/dataset_qty_2025-12-29_01_43_25.468875_per100.arff,G2,2,0.3917104495037945,,1042,100,571,1912,1199,10,2750,scripts/test3/outputs/sensitivity/AT53_AT119/G2/seed0/2025-12-29_01_43_25.468875,5565.982460260391,1000,scripts/test3/outputs/sensitivity/AT53_AT119/G2/seed0/2025-12-29_01_43_25.468875/J48-data-100.out,10,0,33,32,1713,250,1.0,AT53_AT119,scripts/test3/configs/property_trace/property_AT53_AT119.py,7f1fafc8e7b5648c3a7e55cf05b836d42b11b4d0921238ce566622d5412e1034,,QUANTIFIERS1 = ForAll: FALSE (1040.0),,5567.403660058975,0,True,scripts/test3/outputs/sensitivity/AT53_AT119/G2/seed0/2025-12-29_01_43_25.468875/summary.json,1,8,18,671,99.8832,0.9976,2,0.02,0.01,3
scripts/test3/outputs/sensitivity/AT53_AT119/G2/seed1/2025-12-29_03_16_12.983526/dataset_qty_2025-12-29_03_16_12.983526_per100.arff,G2,2,0.4091995221027479,,989,100,558,1919,1212,10,2750,scripts/test3/outputs/sensitivity/AT53_AT119/G2/seed1/2025-12-29_03_16_12.983526,5842.570962429047,1000,scripts/test3/outputs/sensitivity/AT53_AT119/G2/seed1/2025-12-29_03_16_12.983526/J48-data-100.out,10,0,33,32,1674,250,1.0,AT53_AT119,scripts/test3/configs/property_trace/property_AT53_AT119.py,7f1fafc8e7b5648c3a7e55cf05b836d42b11b4d0921238ce566622d5412e1034,,QUANTIFIERS1 = ForAll: FALSE (988.0),,5843.992588758469,1,True,scripts/test3/outputs/sensitivity/AT53_AT119/G2/seed1/2025-12-29_03_16_12.983526/summary.json,1,8,18,685,99.9403,0.9988,2,0.02,0.01,3
scripts/test3/outputs/sensitivity/AT53_AT119/G2/seed2/2025-12-29_04_53_37.116468/dataset_qty_2025-12-29_04_53_37.116468_per100.arff,G2,2,0.4013605442176871,,1056,100,588,1932,1194,10,2750,scripts/test3/outputs/sensitivity/AT53_AT119/G2/seed2/2025-12-29_04_53_37.116468,5707.806030035019,1000,scripts/test3/outputs/sensitivity/AT53_AT119/G2/seed2/2025-12-29_04_53_37.116468/J48-data-100.out,10,0,33,32,1764,250,1.0,AT53_AT119,scripts/test3/configs/property_trace/property_AT53_AT119.py,7f1fafc8e7b5648c3a7e55cf05b836d42b11b4d0921238ce566622d5412e1034,,QUANTIFIERS1 = ForAll: FALSE (1054.0),,5709.222529172897,2,True,scripts/test3/outputs/sensitivity/AT53_AT119/G2/seed2/2025-12-29_04_53_37.116468/summary.json,1,8,18,708,99.8866,0.9976,2,0.02,0.01,3
scripts/test3/outputs/sensitivity/AT53_AT119/G2/seed3/2025-12-29_06_28_46.443958/dataset_qty_2025-12-29_06_28_46.443958_per100.arff,G2,2,0.40243228302929795,,1081,100,603,1946,1169,10,2750,scripts/test3/outputs/sensitivity/AT53_AT119/G2/seed3/2025-12-29_06_28_46.443958,5368.477032423019,1000,scripts/test3/outputs/sensitivity/AT53_AT119/G2/seed3/2025-12-29_06_28_46.443958/J48-data-100.out,10,0,33,32,1809,250,1.0,AT53_AT119,scripts/test3/configs/property_trace/property_AT53_AT119.py,7f1fafc8e7b5648c3a7e55cf05b836d42b11b4d0921238ce566622d5412e1034,,QUANTIFIERS1 = ForAll: FALSE (1080.0),,5369.884526252747,3,True,scripts/test3/outputs/sensitivity/AT53_AT119/G2/seed3/2025-12-29_06_28_46.443958/summary.json,1,8,18,728,99.9447,0.9989,2,0.02,0.01,3
scripts/test3/outputs/sensitivity/AT53_AT119/G2/seed4/2025-12-29_07_58_16.468678/dataset_qty_2025-12-29_07_58_16.468678_per100.arff,G2,2,0.40011514104778356,,1042,100,579,1911,1190,10,2750,scripts/test3/outputs/sensitivity/AT53_AT119/G2/seed4/2025-12-29_07_58_16.468678,5574.776451349258,1000,scripts/test3/outputs/sensitivity/AT53_AT119/G2/seed4/2025-12-29_07_58_16.468678/J48-data-100.out,10,0,33,32,1737,250,1.0,AT53_AT119,scripts/test3/configs/property_trace/property_AT53_AT119.py,7f1fafc8e7b5648c3a7e55cf05b836d42b11b4d0921238ce566622d5412e1034,,QUANTIFIERS1 = ForAll: FALSE (1041.0),,5576.209528207779,4,True,scripts/test3/outputs/sensitivity/AT53_AT119/G2/seed4/2025-12-29_07_58_16.468678/summary.json,1,8,18,695,99.9424,0.9988,2,0.03,0.01,3
scripts/test3/outputs/sensitivity/AT53_AT119/G3/seed0/2025-12-29_09_31_12.783812/dataset_qty_2025-12-29_09_31_12.783812_per100.arff,G3,3,0.3983855650522317,,1267,100,702,2241,1361,10,2750,scripts/test3/outputs/sensitivity/AT53_AT119/G3/seed0/2025-12-29_09_31_12.783812,6159.782754898071,1000,scripts/test3/outputs/sensitivity/AT53_AT119/G3/seed0/2025-12-29_09_31_12.783812/J48-data-100.out,10,0,33,32,2106,250,1.0,AT53_AT119,scripts/test3/configs/property_trace/property_AT53_AT119.py,7f1fafc8e7b5648c3a7e55cf05b836d42b11b4d0921238ce566622d5412e1034,,QUANTIFIERS1 = ForAll: FALSE (1245.0),,6161.2665412425995,0,True,scripts/test3/outputs/sensitivity/AT53_AT119/G3/seed0/2025-12-29_09_31_12.783812/summary.json,1,10,20,839,100.0,1.0,4,0.03,0.01,6
scripts/test3/outputs/sensitivity/AT53_AT119/G3/seed1/2025-12-29_11_13_54.179875/dataset_qty_2025-12-29_11_13_54.179875_per100.arff,G3,3,0.3880670611439842,,1241,100,676,2233,1371,10,2750,scripts/test3/outputs/sensitivity/AT53_AT119/G3/seed1/2025-12-29_11_13_54.179875,6429.681177139282,1000,scripts/test3/outputs/sensitivity/AT53_AT119/G3/seed1/2025-12-29_11_13_54.179875/J48-data-100.out,10,0,33,32,2028,250,1.0,AT53_AT119,scripts/test3/configs/property_trace/property_AT53_AT119.py,7f1fafc8e7b5648c3a7e55cf05b836d42b11b4d0921238ce566622d5412e1034,,QUANTIFIERS1 = ForAll: FALSE (1216.0),,6431.170995473862,1,True,scripts/test3/outputs/sensitivity/AT53_AT119/G3/seed1/2025-12-29_11_13_54.179875/summary.json,1,10,20,787,100.0,1.0,4,0.03,0.01,6
scripts/test3/outputs/sensitivity/AT53_AT119/G3/seed2/2025-12-29_13_01_05.514056/dataset_qty_2025-12-29_13_01_05.514056_per100.arff,G3,3,0.38375350140056025,,1320,100,714,2278,1377,10,2750,scripts/test3/outputs/sensitivity/AT53_AT119/G3/seed2/2025-12-29_13_01_05.514056,6291.279056072235,1000,scripts/test3/outputs/sensitivity/AT53_AT119/G3/seed2/2025-12-29_13_01_05.514056/J48-data-100.out,10,0,33,32,2142,250,1.0,AT53_AT119,scripts/test3/configs/property_trace/property_AT53_AT119.py,7f1fafc8e7b5648c3a7e55cf05b836d42b11b4d0921238ce566622d5412e1034,,QUANTIFIERS1 = ForAll: FALSE (1298.0),,6292.766776800156,2,True,scripts/test3/outputs/sensitivity/AT53_AT119/G3/seed2/2025-12-29_13_01_05.514056/summary.json,1,10,20,822,100.0,1.0,4,0.03,0.01,6
scripts/test3/outputs/sensitivity/AT53_AT119/G3/seed3/2025-12-29_14_45_58.424854/dataset_qty_2025-12-29_14_45_58.424854_per100.arff,G3,3,0.3907888736890105,,1336,100,731,2280,1363,10,2750,scripts/test3/outputs/sensitivity/AT53_AT119/G3/seed3/2025-12-29_14_45_58.424854,6216.160197973251,1000,scripts/test3/outputs/sensitivity/AT53_AT119/G3/seed3/2025-12-29_14_45_58.424854/J48-data-100.out,10,0,33,32,2193,250,1.0,AT53_AT119,scripts/test3/configs/property_trace/property_AT53_AT119.py,7f1fafc8e7b5648c3a7e55cf05b836d42b11b4d0921238ce566622d5412e1034,,QUANTIFIERS1 = ForAll: FALSE (1292.0),,6217.656842947006,3,True,scripts/test3/outputs/sensitivity/AT53_AT119/G3/seed3/2025-12-29_14_45_58.424854/summary.json,1,10,20,857,100.0,1.0,4,0.03,0.01,6
scripts/test3/outputs/sensitivity/AT53_AT119/G3/seed4/2025-12-29_16_29_36.216342/dataset_qty_2025-12-29_16_29_36.216342_per100.arff,G3,3,0.3963718820861678,,1331,100,735,2258,1351,10,2750,scripts/test3/outputs/sensitivity/AT53_AT119/G3/seed4/2025-12-29_16_29_36.216342,6020.841035604477,1000,scripts/test3/outputs/sensitivity/AT53_AT119/G3/seed4/2025-12-29_16_29_36.216342/J48-data-100.out,10,0,33,32,2205,250,1.0,AT53_AT119,scripts/test3/configs/property_trace/property_AT53_AT119.py,7f1fafc8e7b5648c3a7e55cf05b836d42b11b4d0921238ce566622d5412e1034,,QUANTIFIERS1 = ForAll: FALSE (1290.0),,6022.307773351669,4,True,scripts/test3/outputs/sensitivity/AT53_AT119/G3/seed4/2025-12-29_16_29_36.216342/summary.json,1,10,20,874,100.0,1.0,4,0.03,0.01,6
scripts/test3/outputs/sensitivity/AT53_AT119/O1/seed0/2025-12-27_19_23_31.952598/dataset_qty_2025-12-27_19_23_31.952598_per100.arff,O1,,0.5,,3,100,2,4,4,10,2750,scripts/test3/outputs/sensitivity/AT53_AT119/O1/seed0/2025-12-27_19_23_31.952598,4963.057158946991,1000,scripts/test3/outputs/sensitivity/AT53_AT119/O1/seed0/2025-12-27_19_23_31.952598/J48-data-100.out,10,0,33,32,6,250,1.0,AT53_AT119,scripts/test3/configs/property_trace/property_AT53_AT119.py,7f1fafc8e7b5648c3a7e55cf05b836d42b11b4d0921238ce566622d5412e1034,,,,4964.274201393127,0,False,scripts/test3/outputs/sensitivity/AT53_AT119/O1/seed0/2025-12-27_19_23_31.952598/summary.json,0,7,17,3,50.0,0.0,1,0.02,0.0,1
scripts/test3/outputs/sensitivity/AT53_AT119/O1/seed1/2025-12-27_20_46_16.338677/dataset_qty_2025-12-27_20_46_16.338677_per100.arff,O1,,0.3333333333333333,,4,100,2,4,4,10,2750,scripts/test3/outputs/sensitivity/AT53_AT119/O1/seed1/2025-12-27_20_46_16.338677,4476.388267755508,1000,scripts/test3/outputs/sensitivity/AT53_AT119/O1/seed1/2025-12-27_20_46_16.338677/J48-data-100.out,10,0,33,32,6,250,1.0,AT53_AT119,scripts/test3/configs/property_trace/property_AT53_AT119.py,7f1fafc8e7b5648c3a7e55cf05b836d42b11b4d0921238ce566622d5412e1034,,,,4477.58450460434,1,False,scripts/test3/outputs/sensitivity/AT53_AT119/O1/seed1/2025-12-27_20_46_16.338677/summary.json,0,7,17,2,66.6667,0.0,1,0.01,0.0,1
scripts/test3/outputs/sensitivity/AT53_AT119/O1/seed2/2025-12-27_22_00_54.026707/dataset_qty_2025-12-27_22_00_54.026707_per100.arff,O1,,0.3333333333333333,,4,100,2,4,4,10,2750,scripts/test3/outputs/sensitivity/AT53_AT119/O1/seed2/2025-12-27_22_00_54.026707,4413.176362276077,1000,scripts/test3/outputs/sensitivity/AT53_AT119/O1/seed2/2025-12-27_22_00_54.026707/J48-data-100.out,10,0,33,32,6,250,1.0,AT53_AT119,scripts/test3/configs/property_trace/property_AT53_AT119.py,7f1fafc8e7b5648c3a7e55cf05b836d42b11b4d0921238ce566622d5412e1034,,,,4414.3634305000305,2,False,scripts/test3/outputs/sensitivity/AT53_AT119/O1/seed2/2025-12-27_22_00_54.026707/summary.json,0,7,17,2,66.6667,0.0,1,0.01,0.0,1
scripts/test3/outputs/sensitivity/AT53_AT119/O1/seed3/2025-12-27_23_14_28.498092/dataset_qty_2025-12-27_23_14_28.498092_per100.arff,O1,,0.5,,3,100,2,4,4,10,2750,scripts/test3/outputs/sensitivity/AT53_AT119/O1/seed3/2025-12-27_23_14_28.498092,4731.272631883621,1000,scripts/test3/outputs/sensitivity/AT53_AT119/O1/seed3/2025-12-27_23_14_28.498092/J48-data-100.out,10,0,33,32,6,250,1.0,AT53_AT119,scripts/test3/configs/property_trace/property_AT53_AT119.py,7f1fafc8e7b5648c3a7e55cf05b836d42b11b4d0921238ce566622d5412e1034,,,,4732.469021320343,3,False,scripts/test3/outputs/sensitivity/AT53_AT119/O1/seed3/2025-12-27_23_14_28.498092/summary.json,0,7,17,3,50.0,0.0,1,0.01,0.0,1
scripts/test3/outputs/sensitivity/AT53_AT119/O1/seed4/2025-12-28_00_33_21.088887/dataset_qty_2025-12-28_00_33_21.088887_per100.arff,O1,,0.5,,3,100,2,4,4,10,2750,scripts/test3/outputs/sensitivity/AT53_AT119/O1/seed4/2025-12-28_00_33_21.088887,4600.455646753311,1000,scripts/test3/outputs/sensitivity/AT53_AT119/O1/seed4/2025-12-28_00_33_21.088887/J48-data-100.out,10,0,33,32,6,250,1.0,AT53_AT119,scripts/test3/configs/property_trace/property_AT53_AT119.py,7f1fafc8e7b5648c3a7e55cf05b836d42b11b4d0921238ce566622d5412e1034,,,,4601.622858762741,4,False,scripts/test3/outputs/sensitivity/AT53_AT119/O1/seed4/2025-12-28_00_33_21.088887/summary.json,0,7,17,3,50.0,0.0,1,0.01,0.0,1
scripts/test3/outputs/sensitivity/AT53_AT119/O2/seed0/2025-12-28_01_50_02.817596/dataset_qty_2025-12-28_01_50_02.817596_per100.arff,O2,,,,0,100,0,1072,984,10,2750,scripts/test3/outputs/sensitivity/AT53_AT119/O2/seed0/2025-12-28_01_50_02.817596,2125.6208107471466,1000,scripts/test3/outputs/sensitivity/AT53_AT119/O2/seed0/2025-12-28_01_50_02.817596/J48-data-100.out,10,0,30,29,0,250,1.0,AT53_AT119,scripts/test3/configs/property_trace/property_AT53_AT119.py,7f1fafc8e7b5648c3a7e55cf05b836d42b11b4d0921238ce566622d5412e1034,,,,2125.886511325836,0,False,scripts/test3/outputs/sensitivity/AT53_AT119/O2/seed0/2025-12-28_01_50_02.817596/summary.json,,,,0,,,,,,
scripts/test3/outputs/sensitivity/AT53_AT119/O2/seed1/2025-12-28_02_25_28.817879/dataset_qty_2025-12-28_02_25_28.817879_per100.arff,O2,,,,0,100,0,1080,987,10,2750,scripts/test3/outputs/sensitivity/AT53_AT119/O2/seed1/2025-12-28_02_25_28.817879,2116.5950462818146,1000,scripts/test3/outputs/sensitivity/AT53_AT119/O2/seed1/2025-12-28_02_25_28.817879/J48-data-100.out,10,0,30,29,0,250,1.0,AT53_AT119,scripts/test3/configs/property_trace/property_AT53_AT119.py,7f1fafc8e7b5648c3a7e55cf05b836d42b11b4d0921238ce566622d5412e1034,,,,2116.8807051181793,1,False,scripts/test3/outputs/sensitivity/AT53_AT119/O2/seed1/2025-12-28_02_25_28.817879/summary.json,,,,0,,,,,,
scripts/test3/outputs/sensitivity/AT53_AT119/O2/seed2/2025-12-28_03_00_45.774048/dataset_qty_2025-12-28_03_00_45.774048_per100.arff,O2,,,,0,100,0,1127,1029,10,2750,scripts/test3/outputs/sensitivity/AT53_AT119/O2/seed2/2025-12-28_03_00_45.774048,2121.726269721985,1000,scripts/test3/outputs/sensitivity/AT53_AT119/O2/seed2/2025-12-28_03_00_45.774048/J48-data-100.out,10,0,30,29,0,250,1.0,AT53_AT119,scripts/test3/configs/property_trace/property_AT53_AT119.py,7f1fafc8e7b5648c3a7e55cf05b836d42b11b4d0921238ce566622d5412e1034,,,,2122.007255792618,2,False,scripts/test3/outputs/sensitivity/AT53_AT119/O2/seed2/2025-12-28_03_00_45.774048/summary.json,,,,0,,,,,,
scripts/test3/outputs/sensitivity/AT53_AT119/O2/seed3/2025-12-28_03_36_07.880423/dataset_qty_2025-12-28_03_36_07.880423_per100.arff,O2,,,,0,100,0,1127,1022,10,2750,scripts/test3/outputs/sensitivity/AT53_AT119/O2/seed3/2025-12-28_03_36_07.880423,2155.834539413452,1000,scripts/test3/outputs/sensitivity/AT53_AT119/O2/seed3/2025-12-28_03_36_07.880423/J48-data-100.out,10,0,30,29,0,250,1.0,AT53_AT119,scripts/test3/configs/property_trace/property_AT53_AT119.py,7f1fafc8e7b5648c3a7e55cf05b836d42b11b4d0921238ce566622d5412e1034,,,,2156.087012052536,3,False,scripts/test3/outputs/sensitivity/AT53_AT119/O2/seed3/2025-12-28_03_36_07.880423/summary.json,,,,0,,,,,,
scripts/test3/outputs/sensitivity/AT53_AT119/O2/seed4/2025-12-28_04_12_04.082250/dataset_qty_2025-12-28_04_12_04.082250_per100.arff,O2,,,,0,100,0,1080,981,10,2750,scripts/test3/outputs/sensitivity/AT53_AT119/O2/seed4/2025-12-28_04_12_04.082250,2130.0133287906647,1000,scripts/test3/outputs/sensitivity/AT53_AT119/O2/seed4/2025-12-28_04_12_04.082250/J48-data-100.out,10,0,30,29,0,250,1.0,AT53_AT119,scripts/test3/configs/property_trace/property_AT53_AT119.py,7f1fafc8e7b5648c3a7e55cf05b836d42b11b4d0921238ce566622d5412e1034,,,,2130.278091907501,4,False,scripts/test3/outputs/sensitivity/AT53_AT119/O2/seed4/2025-12-28_04_12_04.082250/summary.json,,,,0,,,,,,
scripts/test3/outputs/sensitivity/RR/B/seed0/2025-12-28_04_47_34.419450/dataset_qty_2025-12-28_04_47_34.419450_per100.arff,B,,0.34337899543378997,,719,100,365,2157,1595,10,2750,scripts/test3/outputs/sensitivity/RR/B/seed0/2025-12-28_04_47_34.419450,4499.520214319229,1000,scripts/test3/outputs/sensitivity/RR/B/seed0/2025-12-28_04_47_34.419450/J48-data-100.out,10,0,19,18,1095,250,1.0,RR,scripts/test3/configs/property_trace/property_RR_RR.py,a4d71114f9bea656b19acbc5166b380da574a08d7f25f67e9c81194a7f19e7e8,,LOGICALS2 = And: FALSE (710.0),,4500.643015384674,0,True,scripts/test3/outputs/sensitivity/RR/B/seed0/2025-12-28_04_47_34.419450/summary.json,1,10,20,376,100.0,1.0,4,0.02,0.01,6
scripts/test3/outputs/sensitivity/RR/B/seed1/2025-12-28_06_02_35.194146/dataset_qty_2025-12-28_06_02_35.194146_per100.arff,B,,0.33676975945017185,,772,100,388,2194,1599,10,2750,scripts/test3/outputs/sensitivity/RR/B/seed1/2025-12-28_06_02_35.194146,4827.4293820858,1000,scripts/test3/outputs/sensitivity/RR/B/seed1/2025-12-28_06_02_35.194146/J48-data-100.out,10,0,19,18,1164,250,1.0,RR,scripts/test3/configs/property_trace/property_RR_RR.py,a4d71114f9bea656b19acbc5166b380da574a08d7f25f67e9c81194a7f19e7e8,,LOGICALS2 = And: FALSE (767.0),,4828.5928246974945,1,True,scripts/test3/outputs/sensitivity/RR/B/seed1/2025-12-28_06_02_35.194146/summary.json,1,10,20,392,100.0,1.0,4,0.02,0.01,6
scripts/test3/outputs/sensitivity/RR/B/seed2/2025-12-28_07_23_03.906951/dataset_qty_2025-12-28_07_23_03.906951_per100.arff,B,,0.33544303797468356,,630,100,316,2173,1660,10,2750,scripts/test3/outputs/sensitivity/RR/B/seed2/2025-12-28_07_23_03.906951,4470.540191888809,1000,scripts/test3/outputs/sensitivity/RR/B/seed2/2025-12-28_07_23_03.906951/J48-data-100.out,10,0,19,18,948,250,1.0,RR,scripts/test3/configs/property_trace/property_RR_RR.py,a4d71114f9bea656b19acbc5166b380da574a08d7f25f67e9c81194a7f19e7e8,,LOGICALS2 = And: FALSE (630.0),,4471.64547753334,2,True,scripts/test3/outputs/sensitivity/RR/B/seed2/2025-12-28_07_23_03.906951/summary.json,1,9,19,318,100.0,1.0,3,0.02,0.01,4
scripts/test3/outputs/sensitivity/RR/B/seed3/2025-12-28_08_37_35.669930/dataset_qty_2025-12-28_08_37_35.669930_per100.arff,B,,0.34144363341443634,,812,100,411,2231,1609,10,2750,scripts/test3/outputs/sensitivity/RR/B/seed3/2025-12-28_08_37_35.669930,4850.586098432541,1000,scripts/test3/outputs/sensitivity/RR/B/seed3/2025-12-28_08_37_35.669930/J48-data-100.out,10,0,19,18,1233,250,1.0,RR,scripts/test3/configs/property_trace/property_RR_RR.py,a4d71114f9bea656b19acbc5166b380da574a08d7f25f67e9c81194a7f19e7e8,,LOGICALS2 = And: FALSE (802.0),,4851.739006757736,3,True,scripts/test3/outputs/sensitivity/RR/B/seed3/2025-12-28_08_37_35.669930/summary.json,1,10,20,421,100.0,1.0,4,0.02,0.01,6
scripts/test3/outputs/sensitivity/RR/B/seed4/2025-12-28_09_58_27.545657/dataset_qty_2025-12-28_09_58_27.545657_per100.arff,B,,0.3354101765316719,,640,100,321,2198,1679,10,2750,scripts/test3/outputs/sensitivity/RR/B/seed4/2025-12-28_09_58_27.545657,4570.884008169174,1000,scripts/test3/outputs/sensitivity/RR/B/seed4/2025-12-28_09_58_27.545657/J48-data-100.out,10,0,19,18,963,250,1.0,RR,scripts/test3/configs/property_trace/property_RR_RR.py,a4d71114f9bea656b19acbc5166b380da574a08d7f25f67e9c81194a7f19e7e8,,LOGICALS2 = And: FALSE (640.0),,4571.965526342392,4,True,scripts/test3/outputs/sensitivity/RR/B/seed4/2025-12-28_09_58_27.545657/summary.json,1,9,19,323,100.0,1.0,3,0.02,0.01,4
scripts/test3/outputs/sensitivity/RR/G/seed0/2025-12-28_11_14_39.629884/dataset_qty_2025-12-28_11_14_39.629884_per100.arff,G,,0.3333333333333333,,294,100,147,2100,1764,10,2750,scripts/test3/outputs/sensitivity/RR/G/seed0/2025-12-28_11_14_39.629884,2956.934173107147,1000,scripts/test3/outputs/sensitivity/RR/G/seed0/2025-12-28_11_14_39.629884/J48-data-100.out,10,0,19,18,441,250,1.0,RR,scripts/test3/configs/property_trace/property_RR_RR.py,a4d71114f9bea656b19acbc5166b380da574a08d7f25f67e9c81194a7f19e7e8,,LOGICALS2 = And: FALSE (294.0),,2957.9495289325714,0,True,scripts/test3/outputs/sensitivity/RR/G/seed0/2025-12-28_11_14_39.629884/summary.json,1,9,19,147,100.0,1.0,3,0.02,0.01,4
scripts/test3/outputs/sensitivity/RR/G/seed1/2025-12-28_12_03_57.694219/dataset_qty_2025-12-28_12_03_57.694219_per100.arff,G,,0.3333333333333333,,238,100,119,2123,1804,10,2750,scripts/test3/outputs/sensitivity/RR/G/seed1/2025-12-28_12_03_57.694219,2738.9862627983093,1000,scripts/test3/outputs/sensitivity/RR/G/seed1/2025-12-28_12_03_57.694219/J48-data-100.out,10,0,19,18,357,250,1.0,RR,scripts/test3/configs/property_trace/property_RR_RR.py,a4d71114f9bea656b19acbc5166b380da574a08d7f25f67e9c81194a7f19e7e8,,LOGICALS2 = And: FALSE (238.0),,2740.005318403244,1,True,scripts/test3/outputs/sensitivity/RR/G/seed1/2025-12-28_12_03_57.694219/summary.json,1,9,19,119,100.0,1.0,3,0.02,0.01,4
scripts/test3/outputs/sensitivity/RR/G/seed2/2025-12-28_12_49_37.846038/dataset_qty_2025-12-28_12_49_37.846038_per100.arff,G,,0.3333333333333333,,246,100,123,2064,1745,10,2750,scripts/test3/outputs/sensitivity/RR/G/seed2/2025-12-28_12_49_37.846038,2861.480226993561,1000,scripts/test3/outputs/sensitivity/RR/G/seed2/2025-12-28_12_49_37.846038/J48-data-100.out,10,0,19,18,369,250,1.0,RR,scripts/test3/configs/property_trace/property_RR_RR.py,a4d71114f9bea656b19acbc5166b380da574a08d7f25f67e9c81194a7f19e7e8,,LOGICALS2 = And: FALSE (246.0),,2862.5384595394135,2,True,scripts/test3/outputs/sensitivity/RR/G/seed2/2025-12-28_12_49_37.846038/summary.json,1,9,19,123,100.0,1.0,3,0.01,0.03,4
scripts/test3/outputs/sensitivity/RR/G/seed3/2025-12-28_13_37_20.527688/dataset_qty_2025-12-28_13_37_20.527688_per100.arff,G,,0.33537832310838445,,325,100,163,2123,1773,10,2750,scripts/test3/outputs/sensitivity/RR/G/seed3/2025-12-28_13_37_20.527688,3001.8089847564697,1000,scripts/test3/outputs/sensitivity/RR/G/seed3/2025-12-28_13_37_20.527688/J48-data-100.out,10,0,19,18,489,250,1.0,RR,scripts/test3/configs/property_trace/property_RR_RR.py,a4d71114f9bea656b19acbc5166b380da574a08d7f25f67e9c81194a7f19e7e8,,LOGICALS2 = And: FALSE (325.0),,3002.873768568039,3,True,scripts/test3/outputs/sensitivity/RR/G/seed3/2025-12-28_13_37_20.527688/summary.json,1,9,19,164,100.0,1.0,3,0.02,0.0,4
scripts/test3/outputs/sensitivity/RR/G/seed4/2025-12-28_14_27_23.512406/dataset_qty_2025-12-28_14_27_23.512406_per100.arff,G,,0.3333333333333333,,236,100,118,2111,1806,10,2750,scripts/test3/outputs/sensitivity/RR/G/seed4/2025-12-28_14_27_23.512406,2812.375426530838,1000,scripts/test3/outputs/sensitivity/RR/G/seed4/2025-12-28_14_27_23.512406/J48-data-100.out,10,0,19,18,354,250,1.0,RR,scripts/test3/configs/property_trace/property_RR_RR.py,a4d71114f9bea656b19acbc5166b380da574a08d7f25f67e9c81194a7f19e7e8,,LOGICALS2 = And: FALSE (236.0),,2813.395320892334,4,True,scripts/test3/outputs/sensitivity/RR/G/seed4/2025-12-28_14_27_23.512406/summary.json,1,9,19,118,100.0,1.0,3,0.01,0.01,4
scripts/test3/outputs/sensitivity/RR/G2/seed0/2025-12-29_18_09_58.618427/dataset_qty_2025-12-29_18_09_58.618427_per100.arff,G2,2,0.3333333333333333,,208,95,104,2490,2156,10,2750,scripts/test3/outputs/sensitivity/RR/G2/seed0/2025-12-29_18_09_58.618427,2119.019373655319,1000,scripts/test3/outputs/sensitivity/RR/G2/seed0/2025-12-29_18_09_58.618427/J48-data-100.out,10,0,19,18,312,250,1.0,RR,scripts/test3/configs/property_trace/property_RR_RR.py,a4d71114f9bea656b19acbc5166b380da574a08d7f25f67e9c81194a7f19e7e8,,LOGICALS2 = And: FALSE (160.0),,2120.0521392822266,0,True,scripts/test3/outputs/sensitivity/RR/G2/seed0/2025-12-29_18_09_58.618427/summary.json,1,10,20,104,100.0,1.0,4,0.02,0.0,6
scripts/test3/outputs/sensitivity/RR/G2/seed1/2025-12-29_18_45_18.786000/dataset_qty_2025-12-29_18_45_18.786000_per100.arff,G2,2,0.3333333333333333,,186,95,93,2497,2176,10,2750,scripts/test3/outputs/sensitivity/RR/G2/seed1/2025-12-29_18_45_18.786000,2078.5771889686584,1000,scripts/test3/outputs/sensitivity/RR/G2/seed1/2025-12-29_18_45_18.786000/J48-data-100.out,10,0,19,18,279,250,1.0,RR,scripts/test3/configs/property_trace/property_RR_RR.py,a4d71114f9bea656b19acbc5166b380da574a08d7f25f67e9c81194a7f19e7e8,,LOGICALS2 = And: FALSE (156.0),,2079.7462136745453,1,True,scripts/test3/outputs/sensitivity/RR/G2/seed1/2025-12-29_18_45_18.786000/summary.json,1,10,20,93,100.0,1.0,4,0.02,0.0,6
scripts/test3/outputs/sensitivity/RR/G2/seed2/2025-12-29_19_19_58.670657/dataset_qty_2025-12-29_19_19_58.670657_per100.arff,G2,2,0.3333333333333333,,206,95,103,2509,2180,10,2750,scripts/test3/outputs/sensitivity/RR/G2/seed2/2025-12-29_19_19_58.670657,2106.425599336624,1000,scripts/test3/outputs/sensitivity/RR/G2/seed2/2025-12-29_19_19_58.670657/J48-data-100.out,10,0,19,18,309,250,1.0,RR,scripts/test3/configs/property_trace/property_RR_RR.py,a4d71114f9bea656b19acbc5166b380da574a08d7f25f67e9c81194a7f19e7e8,,LOGICALS2 = And: FALSE (164.0),,2107.4184370040894,2,True,scripts/test3/outputs/sensitivity/RR/G2/seed2/2025-12-29_19_19_58.670657/summary.json,1,10,20,103,100.0,1.0,4,0.01,0.0,6
scripts/test3/outputs/sensitivity/RR/G2/seed3/2025-12-29_19_55_06.212428/dataset_qty_2025-12-29_19_55_06.212428_per100.arff,G2,2,0.3333333333333333,,204,95,102,2519,2189,10,2750,scripts/test3/outputs/sensitivity/RR/G2/seed3/2025-12-29_19_55_06.212428,2080.009131193161,1000,scripts/test3/outputs/sensitivity/RR/G2/seed3/2025-12-29_19_55_06.212428/J48-data-100.out,10,0,19,18,306,250,1.0,RR,scripts/test3/configs/property_trace/property_RR_RR.py,a4d71114f9bea656b19acbc5166b380da574a08d7f25f67e9c81194a7f19e7e8,,LOGICALS2 = And: FALSE (170.0),,2081.012322664261,3,True,scripts/test3/outputs/sensitivity/RR/G2/seed3/2025-12-29_19_55_06.212428/summary.json,1,10,20,102,100.0,1.0,4,0.01,0.01,6
scripts/test3/outputs/sensitivity/RR/G2/seed4/2025-12-29_20_29_47.334165/dataset_qty_2025-12-29_20_29_47.334165_per100.arff,G2,2,0.3333333333333333,,186,95,93,2487,2175,10,2750,scripts/test3/outputs/sensitivity/RR/G2/seed4/2025-12-29_20_29_47.334165,2037.7885210514069,1000,scripts/test3/outputs/sensitivity/RR/G2/seed4/2025-12-29_20_29_47.334165/J48-data-100.out,10,0,19,18,279,250,1.0,RR,scripts/test3/configs/property_trace/property_RR_RR.py,a4d71114f9bea656b19acbc5166b380da574a08d7f25f67e9c81194a7f19e7e8,,LOGICALS2 = And: FALSE (168.0),,2038.8115620613098,4,True,scripts/test3/outputs/sensitivity/RR/G2/seed4/2025-12-29_20_29_47.334165/summary.json,1,10,20,93,100.0,1.0,4,0.02,0.0,6
scripts/test3/outputs/sensitivity/RR/G3/seed0/2025-12-29_21_03_46.266599/dataset_qty_2025-12-29_21_03_46.266599_per100.arff,G3,3,,,0,85,0,2466,2248,10,2750,scripts/test3/outputs/sensitivity/RR/G3/seed0/2025-12-29_21_03_46.266599,1695.0540628433228,1000,scripts/test3/outputs/sensitivity/RR/G3/seed0/2025-12-29_21_03_46.266599/J48-data-100.out,10,0,18,17,0,250,1.0,RR,scripts/test3/configs/property_trace/property_RR_RR.py,a4d71114f9bea656b19acbc5166b380da574a08d7f25f67e9c81194a7f19e7e8,,,,1695.2478575706482,0,False,scripts/test3/outputs/sensitivity/RR/G3/seed0/2025-12-29_21_03_46.266599/summary.json,,,,0,,,,,,
scripts/test3/outputs/sensitivity/RR/G3/seed1/2025-12-29_21_32_01.602637/dataset_qty_2025-12-29_21_32_01.602637_per100.arff,G3,3,,,0,85,0,2483,2256,10,2750,scripts/test3/outputs/sensitivity/RR/G3/seed1/2025-12-29_21_32_01.602637,1690.0162410736084,1000,scripts/test3/outputs/sensitivity/RR/G3/seed1/2025-12-29_21_32_01.602637/J48-data-100.out,10,0,18,17,0,250,1.0,RR,scripts/test3/configs/property_trace/property_RR_RR.py,a4d71114f9bea656b19acbc5166b380da574a08d7f25f67e9c81194a7f19e7e8,,,,1690.1881821155548,1,False,scripts/test3/outputs/sensitivity/RR/G3/seed1/2025-12-29_21_32_01.602637/summary.json,,,,0,,,,,,
scripts/test3/outputs/sensitivity/RR/G3/seed2/2025-12-29_22_00_11.903383/dataset_qty_2025-12-29_22_00_11.903383_per100.arff,G3,3,,,0,85,0,2485,2257,10,2750,scripts/test3/outputs/sensitivity/RR/G3/seed2/2025-12-29_22_00_11.903383,1700.9706156253815,1000,scripts/test3/outputs/sensitivity/RR/G3/seed2/2025-12-29_22_00_11.903383/J48-data-100.out,10,0,18,17,0,250,1.0,RR,scripts/test3/configs/property_trace/property_RR_RR.py,a4d71114f9bea656b19acbc5166b380da574a08d7f25f67e9c81194a7f19e7e8,,,,1701.1433403491974,2,False,scripts/test3/outputs/sensitivity/RR/G3/seed2/2025-12-29_22_00_11.903383/summary.json,,,,0,,,,,,
scripts/test3/outputs/sensitivity/RR/G3/seed3/2025-12-29_22_28_33.152768/dataset_qty_2025-12-29_22_28_33.152768_per100.arff,G3,3,,,0,85,0,2506,2280,10,2750,scripts/test3/outputs/sensitivity/RR/G3/seed3/2025-12-29_22_28_33.152768,1697.4591581821442,1000,scripts/test3/outputs/sensitivity/RR/G3/seed3/2025-12-29_22_28_33.152768/J48-data-100.out,10,0,18,17,0,250,1.0,RR,scripts/test3/configs/property_trace/property_RR_RR.py,a4d71114f9bea656b19acbc5166b380da574a08d7f25f67e9c81194a7f19e7e8,,,,1697.6307694911957,3,False,scripts/test3/outputs/sensitivity/RR/G3/seed3/2025-12-29_22_28_33.152768/summary.json,,,,0,,,,,,
scripts/test3/outputs/sensitivity/RR/G3/seed4/2025-12-29_22_56_50.893022/dataset_qty_2025-12-29_22_56_50.893022_per100.arff,G3,3,,,0,85,0,2489,2269,10,2750,scripts/test3/outputs/sensitivity/RR/G3/seed4/2025-12-29_22_56_50.893022,1699.3355505466461,1000,scripts/test3/outputs/sensitivity/RR/G3/seed4/2025-12-29_22_56_50.893022/J48-data-100.out,10,0,18,17,0,250,1.0,RR,scripts/test3/configs/property_trace/property_RR_RR.py,a4d71114f9bea656b19acbc5166b380da574a08d7f25f67e9c81194a7f19e7e8,,,,1699.511073589325,4,False,scripts/test3/outputs/sensitivity/RR/G3/seed4/2025-12-29_22_56_50.893022/summary.json,,,,0,,,,,,
scripts/test3/outputs/sensitivity/RR/O/seed0/2025-12-28_15_14_17.006708/dataset_qty_2025-12-28_15_14_17.006708_per100.arff,O,,0.3338021565869667,,1421,100,711,1643,789,10,2750,scripts/test3/outputs/sensitivity/RR/O/seed0/2025-12-28_15_14_17.006708,7374.855056285858,1000,scripts/test3/outputs/sensitivity/RR/O/seed0/2025-12-28_15_14_17.006708/J48-data-100.out,10,0,19,18,2133,250,1.0,RR,scripts/test3/configs/property_trace/property_RR_RR.py,a4d71114f9bea656b19acbc5166b380da574a08d7f25f67e9c81194a7f19e7e8,,LOGICALS2 = And: FALSE (1421.0),,7376.059385061264,0,True,scripts/test3/outputs/sensitivity/RR/O/seed0/2025-12-28_15_14_17.006708/summary.json,1,9,19,712,100.0,1.0,3,0.02,0.01,4
scripts/test3/outputs/sensitivity/RR/O/seed1/2025-12-28_17_17_13.185910/dataset_qty_2025-12-28_17_17_13.185910_per100.arff,O,,0.3337719298245614,,1519,100,760,1695,783,10,2750,scripts/test3/outputs/sensitivity/RR/O/seed1/2025-12-28_17_17_13.185910,7369.3147921562195,1000,scripts/test3/outputs/sensitivity/RR/O/seed1/2025-12-28_17_17_13.185910/J48-data-100.out,10,0,19,18,2280,250,1.0,RR,scripts/test3/configs/property_trace/property_RR_RR.py,a4d71114f9bea656b19acbc5166b380da574a08d7f25f67e9c81194a7f19e7e8,,LOGICALS2 = And: FALSE (1519.0),,7370.537225484848,1,True,scripts/test3/outputs/sensitivity/RR/O/seed1/2025-12-28_17_17_13.185910/summary.json,1,9,19,761,100.0,1.0,3,0.02,0.01,4
scripts/test3/outputs/sensitivity/RR/O/seed2/2025-12-29_23_25_10.511966/dataset_qty_2025-12-29_23_25_10.511966_per100.arff,O,,0.33381853469189715,,1373,100,687,1680,827,10,2750,scripts/test3/outputs/sensitivity/RR/O/seed2/2025-12-29_23_25_10.511966,7129.699856042862,1000,scripts/test3/outputs/sensitivity/RR/O/seed2/2025-12-29_23_25_10.511966/J48-data-100.out,10,0,19,18,2061,250,1.0,RR,scripts/test3/configs/property_trace/property_RR_RR.py,a4d71114f9bea656b19acbc5166b380da574a08d7f25f67e9c81194a7f19e7e8,,LOGICALS2 = And: FALSE (1373.0),,7130.911249160767,2,True,scripts/test3/outputs/sensitivity/RR/O/seed2/2025-12-29_23_25_10.511966/summary.json,1,9,19,688,100.0,1.0,3,0.02,0.01,4
scripts/test3/outputs/sensitivity/RR/O/seed3/2025-12-30_01_24_01.525727/dataset_qty_2025-12-30_01_24_01.525727_per100.arff,O,,0.33378439332431215,,1477,100,739,1733,837,10,2750,scripts/test3/outputs/sensitivity/RR/O/seed3/2025-12-30_01_24_01.525727,7197.665088891983,1000,scripts/test3/outputs/sensitivity/RR/O/seed3/2025-12-30_01_24_01.525727/J48-data-100.out,10,0,19,18,2217,250,1.0,RR,scripts/test3/configs/property_trace/property_RR_RR.py,a4d71114f9bea656b19acbc5166b380da574a08d7f25f67e9c81194a7f19e7e8,,LOGICALS2 = And: FALSE (1477.0),,7198.899179935455,3,True,scripts/test3/outputs/sensitivity/RR/O/seed3/2025-12-30_01_24_01.525727/summary.json,1,9,19,740,100.0,1.0,3,0.02,0.01,4
scripts/test3/outputs/sensitivity/RR/O/seed4/2025-12-30_03_24_00.541319/dataset_qty_2025-12-30_03_24_00.541319_per100.arff,O,,0.3338088445078459,,1401,100,701,1644,769,10,2750,scripts/test3/outputs/sensitivity/RR/O/seed4/2025-12-30_03_24_00.541319,7289.992838859558,1000,scripts/test3/outputs/sensitivity/RR/O/seed4/2025-12-30_03_24_00.541319/J48-data-100.out,10,0,19,18,2103,250,1.0,RR,scripts/test3/configs/property_trace/property_RR_RR.py,a4d71114f9bea656b19acbc5166b380da574a08d7f25f67e9c81194a7f19e7e8,,LOGICALS2 = And: FALSE (1401.0),,7291.182601451874,4,True,scripts/test3/outputs/sensitivity/RR/O/seed4/2025-12-30_03_24_00.541319/summary.json,1,9,19,702,100.0,1.0,3,0.02,0.01,4
