subject,variant,seed,run_dir,timespan_json,report_json,summary_json,arff_per100,weka_out_count
AT53_AT119,B,seed0,results/raw/sensitivity/AT53_AT119/B/seed0/2025-12-27_07_11_14.762624,results/raw/sensitivity/AT53_AT119/B/seed0/2025-12-27_07_11_14.762624/timespan.json,results/raw/sensitivity/AT53_AT119/B/seed0/2025-12-27_07_11_14.762624/report.json,results/raw/sensitivity/AT53_AT119/B/seed0/2025-12-27_07_11_14.762624/summary.json,results/raw/sensitivity/AT53_AT119/B/seed0/2025-12-27_07_11_14.762624/dataset_qty_2025-12-27_07_11_14.762624_per100.arff,5
AT53_AT119,B,seed1,results/raw/sensitivity/AT53_AT119/B/seed1/2025-12-27_08_24_46.007077,results/raw/sensitivity/AT53_AT119/B/seed1/2025-12-27_08_24_46.007077/timespan.json,results/raw/sensitivity/AT53_AT119/B/seed1/2025-12-27_08_24_46.007077/report.json,results/raw/sensitivity/AT53_AT119/B/seed1/2025-12-27_08_24_46.007077/summary.json,results/raw/sensitivity/AT53_AT119/B/seed1/2025-12-27_08_24_46.007077/dataset_qty_2025-12-27_08_24_46.007077_per100.arff,5
AT53_AT119,B,seed2,results/raw/sensitivity/AT53_AT119/B/seed2/2025-12-27_09_35_10.829844,results/raw/sensitivity/AT53_AT119/B/seed2/2025-12-27_09_35_10.829844/timespan.json,results/raw/sensitivity/AT53_AT119/B/seed2/2025-12-27_09_35_10.829844/report.json,results/raw/sensitivity/AT53_AT119/B/seed2/2025-12-27_09_35_10.829844/summary.json,results/raw/sensitivity/AT53_AT119/B/seed2/2025-12-27_09_35_10.829844/dataset_qty_2025-12-27_09_35_10.829844_per100.arff,5
AT53_AT119,B,seed3,results/raw/sensitivity/AT53_AT119/B/seed3/2025-12-27_10_46_46.310449,results/raw/sensitivity/AT53_AT119/B/seed3/2025-12-27_10_46_46.310449/timespan.json,results/raw/sensitivity/AT53_AT119/B/seed3/2025-12-27_10_46_46.310449/report.json,results/raw/sensitivity/AT53_AT119/B/seed3/2025-12-27_10_46_46.310449/summary.json,results/raw/sensitivity/AT53_AT119/B/seed3/2025-12-27_10_46_46.310449/dataset_qty_2025-12-27_10_46_46.310449_per100.arff,5
AT53_AT119,B,seed4,results/raw/sensitivity/AT53_AT119/B/seed4/2025-12-27_11_59_30.139779,results/raw/sensitivity/AT53_AT119/B/seed4/2025-12-27_11_59_30.139779/timespan.json,results/raw/sensitivity/AT53_AT119/B/seed4/2025-12-27_11_59_30.139779/report.json,results/raw/sensitivity/AT53_AT119/B/seed4/2025-12-27_11_59_30.139779/summary.json,results/raw/sensitivity/AT53_AT119/B/seed4/2025-12-27_11_59_30.139779/dataset_qty_2025-12-27_11_59_30.139779_per100.arff,5
AT53_AT119,G,seed0,results/raw/sensitivity/AT53_AT119/G/seed0/2025-12-27_13_14_36.301195,results/raw/sensitivity/AT53_AT119/G/seed0/2025-12-27_13_14_36.301195/timespan.json,results/raw/sensitivity/AT53_AT119/G/seed0/2025-12-27_13_14_36.301195/report.json,results/raw/sensitivity/AT53_AT119/G/seed0/2025-12-27_13_14_36.301195/summary.json,results/raw/sensitivity/AT53_AT119/G/seed0/2025-12-27_13_14_36.301195/dataset_qty_2025-12-27_13_14_36.301195_per100.arff,5
AT53_AT119,G,seed1,results/raw/sensitivity/AT53_AT119/G/seed1/2025-12-27_14_31_57.012644,results/raw/sensitivity/AT53_AT119/G/seed1/2025-12-27_14_31_57.012644/timespan.json,results/raw/sensitivity/AT53_AT119/G/seed1/2025-12-27_14_31_57.012644/report.json,results/raw/sensitivity/AT53_AT119/G/seed1/2025-12-27_14_31_57.012644/summary.json,results/raw/sensitivity/AT53_AT119/G/seed1/2025-12-27_14_31_57.012644/dataset_qty_2025-12-27_14_31_57.012644_per100.arff,5
AT53_AT119,G,seed2,results/raw/sensitivity/AT53_AT119/G/seed2/2025-12-27_15_42_52.255403,results/raw/sensitivity/AT53_AT119/G/seed2/2025-12-27_15_42_52.255403/timespan.json,results/raw/sensitivity/AT53_AT119/G/seed2/2025-12-27_15_42_52.255403/report.json,results/raw/sensitivity/AT53_AT119/G/seed2/2025-12-27_15_42_52.255403/summary.json,results/raw/sensitivity/AT53_AT119/G/seed2/2025-12-27_15_42_52.255403/dataset_qty_2025-12-27_15_42_52.255403_per100.arff,5
AT53_AT119,G,seed3,results/raw/sensitivity/AT53_AT119/G/seed3/2025-12-27_16_57_28.374052,results/raw/sensitivity/AT53_AT119/G/seed3/2025-12-27_16_57_28.374052/timespan.json,results/raw/sensitivity/AT53_AT119/G/seed3/2025-12-27_16_57_28.374052/report.json,results/raw/sensitivity/AT53_AT119/G/seed3/2025-12-27_16_57_28.374052/summary.json,results/raw/sensitivity/AT53_AT119/G/seed3/2025-12-27_16_57_28.374052/dataset_qty_2025-12-27_16_57_28.374052_per100.arff,5
AT53_AT119,G,seed4,results/raw/sensitivity/AT53_AT119/G/seed4/2025-12-27_18_05_39.084261,results/raw/sensitivity/AT53_AT119/G/seed4/2025-12-27_18_05_39.084261/timespan.json,results/raw/sensitivity/AT53_AT119/G/seed4/2025-12-27_18_05_39.084261/report.json,results/raw/sensitivity/AT53_AT119/G/seed4/2025-12-27_18_05_39.084261/summary.json,results/raw/sensitivity/AT53_AT119/G/seed4/2025-12-27_18_05_39.084261/dataset_qty_2025-12-27_18_05_39.084261_per100.arff,5
AT53_AT119,G2,seed0,results/raw/sensitivity/AT53_AT119/G2/seed0/2025-12-29_01_43_25.468875,results/raw/sensitivity/AT53_AT119/G2/seed0/2025-12-29_01_43_25.468875/timespan.json,results/raw/sensitivity/AT53_AT119/G2/seed0/2025-12-29_01_43_25.468875/report.json,results/raw/sensitivity/AT53_AT119/G2/seed0/2025-12-29_01_43_25.468875/summary.json,results/raw/sensitivity/AT53_AT119/G2/seed0/2025-12-29_01_43_25.468875/dataset_qty_2025-12-29_01_43_25.468875_per100.arff,5
AT53_AT119,G2,seed1,results/raw/sensitivity/AT53_AT119/G2/seed1/2025-12-29_03_16_12.983526,results/raw/sensitivity/AT53_AT119/G2/seed1/2025-12-29_03_16_12.983526/timespan.json,results/raw/sensitivity/AT53_AT119/G2/seed1/2025-12-29_03_16_12.983526/report.json,results/raw/sensitivity/AT53_AT119/G2/seed1/2025-12-29_03_16_12.983526/summary.json,results/raw/sensitivity/AT53_AT119/G2/seed1/2025-12-29_03_16_12.983526/dataset_qty_2025-12-29_03_16_12.983526_per100.arff,5
AT53_AT119,G2,seed2,results/raw/sensitivity/AT53_AT119/G2/seed2/2025-12-29_04_53_37.116468,results/raw/sensitivity/AT53_AT119/G2/seed2/2025-12-29_04_53_37.116468/timespan.json,results/raw/sensitivity/AT53_AT119/G2/seed2/2025-12-29_04_53_37.116468/report.json,results/raw/sensitivity/AT53_AT119/G2/seed2/2025-12-29_04_53_37.116468/summary.json,results/raw/sensitivity/AT53_AT119/G2/seed2/2025-12-29_04_53_37.116468/dataset_qty_2025-12-29_04_53_37.116468_per100.arff,5
AT53_AT119,G2,seed3,results/raw/sensitivity/AT53_AT119/G2/seed3/2025-12-29_06_28_46.443958,results/raw/sensitivity/AT53_AT119/G2/seed3/2025-12-29_06_28_46.443958/timespan.json,results/raw/sensitivity/AT53_AT119/G2/seed3/2025-12-29_06_28_46.443958/report.json,results/raw/sensitivity/AT53_AT119/G2/seed3/2025-12-29_06_28_46.443958/summary.json,results/raw/sensitivity/AT53_AT119/G2/seed3/2025-12-29_06_28_46.443958/dataset_qty_2025-12-29_06_28_46.443958_per100.arff,5
AT53_AT119,G2,seed4,results/raw/sensitivity/AT53_AT119/G2/seed4/2025-12-29_07_58_16.468678,results/raw/sensitivity/AT53_AT119/G2/seed4/2025-12-29_07_58_16.468678/timespan.json,results/raw/sensitivity/AT53_AT119/G2/seed4/2025-12-29_07_58_16.468678/report.json,results/raw/sensitivity/AT53_AT119/G2/seed4/2025-12-29_07_58_16.468678/summary.json,results/raw/sensitivity/AT53_AT119/G2/seed4/2025-12-29_07_58_16.468678/dataset_qty_2025-12-29_07_58_16.468678_per100.arff,5
AT53_AT119,G3,seed0,results/raw/sensitivity/AT53_AT119/G3/seed0/2025-12-29_09_31_12.783812,results/raw/sensitivity/AT53_AT119/G3/seed0/2025-12-29_09_31_12.783812/timespan.json,results/raw/sensitivity/AT53_AT119/G3/seed0/2025-12-29_09_31_12.783812/report.json,results/raw/sensitivity/AT53_AT119/G3/seed0/2025-12-29_09_31_12.783812/summary.json,results/raw/sensitivity/AT53_AT119/G3/seed0/2025-12-29_09_31_12.783812/dataset_qty_2025-12-29_09_31_12.783812_per100.arff,5
AT53_AT119,G3,seed1,results/raw/sensitivity/AT53_AT119/G3/seed1/2025-12-29_11_13_54.179875,results/raw/sensitivity/AT53_AT119/G3/seed1/2025-12-29_11_13_54.179875/timespan.json,results/raw/sensitivity/AT53_AT119/G3/seed1/2025-12-29_11_13_54.179875/report.json,results/raw/sensitivity/AT53_AT119/G3/seed1/2025-12-29_11_13_54.179875/summary.json,results/raw/sensitivity/AT53_AT119/G3/seed1/2025-12-29_11_13_54.179875/dataset_qty_2025-12-29_11_13_54.179875_per100.arff,5
AT53_AT119,G3,seed2,results/raw/sensitivity/AT53_AT119/G3/seed2/2025-12-29_13_01_05.514056,results/raw/sensitivity/AT53_AT119/G3/seed2/2025-12-29_13_01_05.514056/timespan.json,results/raw/sensitivity/AT53_AT119/G3/seed2/2025-12-29_13_01_05.514056/report.json,results/raw/sensitivity/AT53_AT119/G3/seed2/2025-12-29_13_01_05.514056/summary.json,results/raw/sensitivity/AT53_AT119/G3/seed2/2025-12-29_13_01_05.514056/dataset_qty_2025-12-29_13_01_05.514056_per100.arff,5
AT53_AT119,G3,seed3,results/raw/sensitivity/AT53_AT119/G3/seed3/2025-12-29_14_45_58.424854,results/raw/sensitivity/AT53_AT119/G3/seed3/2025-12-29_14_45_58.424854/timespan.json,results/raw/sensitivity/AT53_AT119/G3/seed3/2025-12-29_14_45_58.424854/report.json,results/raw/sensitivity/AT53_AT119/G3/seed3/2025-12-29_14_45_58.424854/summary.json,results/raw/sensitivity/AT53_AT119/G3/seed3/2025-12-29_14_45_58.424854/dataset_qty_2025-12-29_14_45_58.424854_per100.arff,5
AT53_AT119,G3,seed4,results/raw/sensitivity/AT53_AT119/G3/seed4/2025-12-29_16_29_36.216342,results/raw/sensitivity/AT53_AT119/G3/seed4/2025-12-29_16_29_36.216342/timespan.json,results/raw/sensitivity/AT53_AT119/G3/seed4/2025-12-29_16_29_36.216342/report.json,results/raw/sensitivity/AT53_AT119/G3/seed4/2025-12-29_16_29_36.216342/summary.json,results/raw/sensitivity/AT53_AT119/G3/seed4/2025-12-29_16_29_36.216342/dataset_qty_2025-12-29_16_29_36.216342_per100.arff,5
AT53_AT119,O1,seed0,results/raw/sensitivity/AT53_AT119/O1/seed0/2025-12-27_19_23_31.952598,results/raw/sensitivity/AT53_AT119/O1/seed0/2025-12-27_19_23_31.952598/timespan.json,results/raw/sensitivity/AT53_AT119/O1/seed0/2025-12-27_19_23_31.952598/report.json,results/raw/sensitivity/AT53_AT119/O1/seed0/2025-12-27_19_23_31.952598/summary.json,results/raw/sensitivity/AT53_AT119/O1/seed0/2025-12-27_19_23_31.952598/dataset_qty_2025-12-27_19_23_31.952598_per100.arff,5
AT53_AT119,O1,seed1,results/raw/sensitivity/AT53_AT119/O1/seed1/2025-12-27_20_46_16.338677,results/raw/sensitivity/AT53_AT119/O1/seed1/2025-12-27_20_46_16.338677/timespan.json,results/raw/sensitivity/AT53_AT119/O1/seed1/2025-12-27_20_46_16.338677/report.json,results/raw/sensitivity/AT53_AT119/O1/seed1/2025-12-27_20_46_16.338677/summary.json,results/raw/sensitivity/AT53_AT119/O1/seed1/2025-12-27_20_46_16.338677/dataset_qty_2025-12-27_20_46_16.338677_per100.arff,5
AT53_AT119,O1,seed2,results/raw/sensitivity/AT53_AT119/O1/seed2/2025-12-27_22_00_54.026707,results/raw/sensitivity/AT53_AT119/O1/seed2/2025-12-27_22_00_54.026707/timespan.json,results/raw/sensitivity/AT53_AT119/O1/seed2/2025-12-27_22_00_54.026707/report.json,results/raw/sensitivity/AT53_AT119/O1/seed2/2025-12-27_22_00_54.026707/summary.json,results/raw/sensitivity/AT53_AT119/O1/seed2/2025-12-27_22_00_54.026707/dataset_qty_2025-12-27_22_00_54.026707_per100.arff,5
AT53_AT119,O1,seed3,results/raw/sensitivity/AT53_AT119/O1/seed3/2025-12-27_23_14_28.498092,results/raw/sensitivity/AT53_AT119/O1/seed3/2025-12-27_23_14_28.498092/timespan.json,results/raw/sensitivity/AT53_AT119/O1/seed3/2025-12-27_23_14_28.498092/report.json,results/raw/sensitivity/AT53_AT119/O1/seed3/2025-12-27_23_14_28.498092/summary.json,results/raw/sensitivity/AT53_AT119/O1/seed3/2025-12-27_23_14_28.498092/dataset_qty_2025-12-27_23_14_28.498092_per100.arff,5
AT53_AT119,O1,seed4,results/raw/sensitivity/AT53_AT119/O1/seed4/2025-12-28_00_33_21.088887,results/raw/sensitivity/AT53_AT119/O1/seed4/2025-12-28_00_33_21.088887/timespan.json,results/raw/sensitivity/AT53_AT119/O1/seed4/2025-12-28_00_33_21.088887/report.json,results/raw/sensitivity/AT53_AT119/O1/seed4/2025-12-28_00_33_21.088887/summary.json,results/raw/sensitivity/AT53_AT119/O1/seed4/2025-12-28_00_33_21.088887/dataset_qty_2025-12-28_00_33_21.088887_per100.arff,5
AT53_AT119,O2,seed0,results/raw/sensitivity/AT53_AT119/O2/seed0/2025-12-28_01_50_02.817596,results/raw/sensitivity/AT53_AT119/O2/seed0/2025-12-28_01_50_02.817596/timespan.json,results/raw/sensitivity/AT53_AT119/O2/seed0/2025-12-28_01_50_02.817596/report.json,results/raw/sensitivity/AT53_AT119/O2/seed0/2025-12-28_01_50_02.817596/summary.json,results/raw/sensitivity/AT53_AT119/O2/seed0/2025-12-28_01_50_02.817596/dataset_qty_2025-12-28_01_50_02.817596_per100.arff,5
AT53_AT119,O2,seed1,results/raw/sensitivity/AT53_AT119/O2/seed1/2025-12-28_02_25_28.817879,results/raw/sensitivity/AT53_AT119/O2/seed1/2025-12-28_02_25_28.817879/timespan.json,results/raw/sensitivity/AT53_AT119/O2/seed1/2025-12-28_02_25_28.817879/report.json,results/raw/sensitivity/AT53_AT119/O2/seed1/2025-12-28_02_25_28.817879/summary.json,results/raw/sensitivity/AT53_AT119/O2/seed1/2025-12-28_02_25_28.817879/dataset_qty_2025-12-28_02_25_28.817879_per100.arff,5
AT53_AT119,O2,seed2,results/raw/sensitivity/AT53_AT119/O2/seed2/2025-12-28_03_00_45.774048,results/raw/sensitivity/AT53_AT119/O2/seed2/2025-12-28_03_00_45.774048/timespan.json,results/raw/sensitivity/AT53_AT119/O2/seed2/2025-12-28_03_00_45.774048/report.json,results/raw/sensitivity/AT53_AT119/O2/seed2/2025-12-28_03_00_45.774048/summary.json,results/raw/sensitivity/AT53_AT119/O2/seed2/2025-12-28_03_00_45.774048/dataset_qty_2025-12-28_03_00_45.774048_per100.arff,5
AT53_AT119,O2,seed3,results/raw/sensitivity/AT53_AT119/O2/seed3/2025-12-28_03_36_07.880423,results/raw/sensitivity/AT53_AT119/O2/seed3/2025-12-28_03_36_07.880423/timespan.json,results/raw/sensitivity/AT53_AT119/O2/seed3/2025-12-28_03_36_07.880423/report.json,results/raw/sensitivity/AT53_AT119/O2/seed3/2025-12-28_03_36_07.880423/summary.json,results/raw/sensitivity/AT53_AT119/O2/seed3/2025-12-28_03_36_07.880423/dataset_qty_2025-12-28_03_36_07.880423_per100.arff,5
AT53_AT119,O2,seed4,results/raw/sensitivity/AT53_AT119/O2/seed4/2025-12-28_04_12_04.082250,results/raw/sensitivity/AT53_AT119/O2/seed4/2025-12-28_04_12_04.082250/timespan.json,results/raw/sensitivity/AT53_AT119/O2/seed4/2025-12-28_04_12_04.082250/report.json,results/raw/sensitivity/AT53_AT119/O2/seed4/2025-12-28_04_12_04.082250/summary.json,results/raw/sensitivity/AT53_AT119/O2/seed4/2025-12-28_04_12_04.082250/dataset_qty_2025-12-28_04_12_04.082250_per100.arff,5
RR,B,seed0,results/raw/sensitivity/RR/B/seed0/2025-12-28_04_47_34.419450,results/raw/sensitivity/RR/B/seed0/2025-12-28_04_47_34.419450/timespan.json,results/raw/sensitivity/RR/B/seed0/2025-12-28_04_47_34.419450/report.json,results/raw/sensitivity/RR/B/seed0/2025-12-28_04_47_34.419450/summary.json,results/raw/sensitivity/RR/B/seed0/2025-12-28_04_47_34.419450/dataset_qty_2025-12-28_04_47_34.419450_per100.arff,5
RR,B,seed1,results/raw/sensitivity/RR/B/seed1/2025-12-28_06_02_35.194146,results/raw/sensitivity/RR/B/seed1/2025-12-28_06_02_35.194146/timespan.json,results/raw/sensitivity/RR/B/seed1/2025-12-28_06_02_35.194146/report.json,results/raw/sensitivity/RR/B/seed1/2025-12-28_06_02_35.194146/summary.json,results/raw/sensitivity/RR/B/seed1/2025-12-28_06_02_35.194146/dataset_qty_2025-12-28_06_02_35.194146_per100.arff,5
RR,B,seed2,results/raw/sensitivity/RR/B/seed2/2025-12-28_07_23_03.906951,results/raw/sensitivity/RR/B/seed2/2025-12-28_07_23_03.906951/timespan.json,results/raw/sensitivity/RR/B/seed2/2025-12-28_07_23_03.906951/report.json,results/raw/sensitivity/RR/B/seed2/2025-12-28_07_23_03.906951/summary.json,results/raw/sensitivity/RR/B/seed2/2025-12-28_07_23_03.906951/dataset_qty_2025-12-28_07_23_03.906951_per100.arff,5
RR,B,seed3,results/raw/sensitivity/RR/B/seed3/2025-12-28_08_37_35.669930,results/raw/sensitivity/RR/B/seed3/2025-12-28_08_37_35.669930/timespan.json,results/raw/sensitivity/RR/B/seed3/2025-12-28_08_37_35.669930/report.json,results/raw/sensitivity/RR/B/seed3/2025-12-28_08_37_35.669930/summary.json,results/raw/sensitivity/RR/B/seed3/2025-12-28_08_37_35.669930/dataset_qty_2025-12-28_08_37_35.669930_per100.arff,5
RR,B,seed4,results/raw/sensitivity/RR/B/seed4/2025-12-28_09_58_27.545657,results/raw/sensitivity/RR/B/seed4/2025-12-28_09_58_27.545657/timespan.json,results/raw/sensitivity/RR/B/seed4/2025-12-28_09_58_27.545657/report.json,results/raw/sensitivity/RR/B/seed4/2025-12-28_09_58_27.545657/summary.json,results/raw/sensitivity/RR/B/seed4/2025-12-28_09_58_27.545657/dataset_qty_2025-12-28_09_58_27.545657_per100.arff,5
RR,G,seed0,results/raw/sensitivity/RR/G/seed0/2025-12-28_11_14_39.629884,results/raw/sensitivity/RR/G/seed0/2025-12-28_11_14_39.629884/timespan.json,results/raw/sensitivity/RR/G/seed0/2025-12-28_11_14_39.629884/report.json,results/raw/sensitivity/RR/G/seed0/2025-12-28_11_14_39.629884/summary.json,results/raw/sensitivity/RR/G/seed0/2025-12-28_11_14_39.629884/dataset_qty_2025-12-28_11_14_39.629884_per100.arff,5
RR,G,seed1,results/raw/sensitivity/RR/G/seed1/2025-12-28_12_03_57.694219,results/raw/sensitivity/RR/G/seed1/2025-12-28_12_03_57.694219/timespan.json,results/raw/sensitivity/RR/G/seed1/2025-12-28_12_03_57.694219/report.json,results/raw/sensitivity/RR/G/seed1/2025-12-28_12_03_57.694219/summary.json,results/raw/sensitivity/RR/G/seed1/2025-12-28_12_03_57.694219/dataset_qty_2025-12-28_12_03_57.694219_per100.arff,5
RR,G,seed2,results/raw/sensitivity/RR/G/seed2/2025-12-28_12_49_37.846038,results/raw/sensitivity/RR/G/seed2/2025-12-28_12_49_37.846038/timespan.json,results/raw/sensitivity/RR/G/seed2/2025-12-28_12_49_37.846038/report.json,results/raw/sensitivity/RR/G/seed2/2025-12-28_12_49_37.846038/summary.json,results/raw/sensitivity/RR/G/seed2/2025-12-28_12_49_37.846038/dataset_qty_2025-12-28_12_49_37.846038_per100.arff,5
RR,G,seed3,results/raw/sensitivity/RR/G/seed3/2025-12-28_13_37_20.527688,results/raw/sensitivity/RR/G/seed3/2025-12-28_13_37_20.527688/timespan.json,results/raw/sensitivity/RR/G/seed3/2025-12-28_13_37_20.527688/report.json,results/raw/sensitivity/RR/G/seed3/2025-12-28_13_37_20.527688/summary.json,results/raw/sensitivity/RR/G/seed3/2025-12-28_13_37_20.527688/dataset_qty_2025-12-28_13_37_20.527688_per100.arff,5
RR,G,seed4,results/raw/sensitivity/RR/G/seed4/2025-12-28_14_27_23.512406,results/raw/sensitivity/RR/G/seed4/2025-12-28_14_27_23.512406/timespan.json,results/raw/sensitivity/RR/G/seed4/2025-12-28_14_27_23.512406/report.json,results/raw/sensitivity/RR/G/seed4/2025-12-28_14_27_23.512406/summary.json,results/raw/sensitivity/RR/G/seed4/2025-12-28_14_27_23.512406/dataset_qty_2025-12-28_14_27_23.512406_per100.arff,5
RR,G2,seed0,results/raw/sensitivity/RR/G2/seed0/2025-12-29_18_09_58.618427,results/raw/sensitivity/RR/G2/seed0/2025-12-29_18_09_58.618427/timespan.json,results/raw/sensitivity/RR/G2/seed0/2025-12-29_18_09_58.618427/report.json,results/raw/sensitivity/RR/G2/seed0/2025-12-29_18_09_58.618427/summary.json,results/raw/sensitivity/RR/G2/seed0/2025-12-29_18_09_58.618427/dataset_qty_2025-12-29_18_09_58.618427_per100.arff,5
RR,G2,seed1,results/raw/sensitivity/RR/G2/seed1/2025-12-29_18_45_18.786000,results/raw/sensitivity/RR/G2/seed1/2025-12-29_18_45_18.786000/timespan.json,results/raw/sensitivity/RR/G2/seed1/2025-12-29_18_45_18.786000/report.json,results/raw/sensitivity/RR/G2/seed1/2025-12-29_18_45_18.786000/summary.json,results/raw/sensitivity/RR/G2/seed1/2025-12-29_18_45_18.786000/dataset_qty_2025-12-29_18_45_18.786000_per100.arff,5
RR,G2,seed2,results/raw/sensitivity/RR/G2/seed2/2025-12-29_19_19_58.670657,results/raw/sensitivity/RR/G2/seed2/2025-12-29_19_19_58.670657/timespan.json,results/raw/sensitivity/RR/G2/seed2/2025-12-29_19_19_58.670657/report.json,results/raw/sensitivity/RR/G2/seed2/2025-12-29_19_19_58.670657/summary.json,results/raw/sensitivity/RR/G2/seed2/2025-12-29_19_19_58.670657/dataset_qty_2025-12-29_19_19_58.670657_per100.arff,5
RR,G2,seed3,results/raw/sensitivity/RR/G2/seed3/2025-12-29_19_55_06.212428,results/raw/sensitivity/RR/G2/seed3/2025-12-29_19_55_06.212428/timespan.json,results/raw/sensitivity/RR/G2/seed3/2025-12-29_19_55_06.212428/report.json,results/raw/sensitivity/RR/G2/seed3/2025-12-29_19_55_06.212428/summary.json,results/raw/sensitivity/RR/G2/seed3/2025-12-29_19_55_06.212428/dataset_qty_2025-12-29_19_55_06.212428_per100.arff,5
RR,G2,seed4,results/raw/sensitivity/RR/G2/seed4/2025-12-29_20_29_47.334165,results/raw/sensitivity/RR/G2/seed4/2025-12-29_20_29_47.334165/timespan.json,results/raw/sensitivity/RR/G2/seed4/2025-12-29_20_29_47.334165/report.json,results/raw/sensitivity/RR/G2/seed4/2025-12-29_20_29_47.334165/summary.json,results/raw/sensitivity/RR/G2/seed4/2025-12-29_20_29_47.334165/dataset_qty_2025-12-29_20_29_47.334165_per100.arff,5
RR,G3,seed0,results/raw/sensitivity/RR/G3/seed0/2025-12-29_21_03_46.266599,results/raw/sensitivity/RR/G3/seed0/2025-12-29_21_03_46.266599/timespan.json,results/raw/sensitivity/RR/G3/seed0/2025-12-29_21_03_46.266599/report.json,results/raw/sensitivity/RR/G3/seed0/2025-12-29_21_03_46.266599/summary.json,results/raw/sensitivity/RR/G3/seed0/2025-12-29_21_03_46.266599/dataset_qty_2025-12-29_21_03_46.266599_per100.arff,5
RR,G3,seed1,results/raw/sensitivity/RR/G3/seed1/2025-12-29_21_32_01.602637,results/raw/sensitivity/RR/G3/seed1/2025-12-29_21_32_01.602637/timespan.json,results/raw/sensitivity/RR/G3/seed1/2025-12-29_21_32_01.602637/report.json,results/raw/sensitivity/RR/G3/seed1/2025-12-29_21_32_01.602637/summary.json,results/raw/sensitivity/RR/G3/seed1/2025-12-29_21_32_01.602637/dataset_qty_2025-12-29_21_32_01.602637_per100.arff,5
RR,G3,seed2,results/raw/sensitivity/RR/G3/seed2/2025-12-29_22_00_11.903383,results/raw/sensitivity/RR/G3/seed2/2025-12-29_22_00_11.903383/timespan.json,results/raw/sensitivity/RR/G3/seed2/2025-12-29_22_00_11.903383/report.json,results/raw/sensitivity/RR/G3/seed2/2025-12-29_22_00_11.903383/summary.json,results/raw/sensitivity/RR/G3/seed2/2025-12-29_22_00_11.903383/dataset_qty_2025-12-29_22_00_11.903383_per100.arff,5
RR,G3,seed3,results/raw/sensitivity/RR/G3/seed3/2025-12-29_22_28_33.152768,results/raw/sensitivity/RR/G3/seed3/2025-12-29_22_28_33.152768/timespan.json,results/raw/sensitivity/RR/G3/seed3/2025-12-29_22_28_33.152768/report.json,results/raw/sensitivity/RR/G3/seed3/2025-12-29_22_28_33.152768/summary.json,results/raw/sensitivity/RR/G3/seed3/2025-12-29_22_28_33.152768/dataset_qty_2025-12-29_22_28_33.152768_per100.arff,5
RR,G3,seed4,results/raw/sensitivity/RR/G3/seed4/2025-12-29_22_56_50.893022,results/raw/sensitivity/RR/G3/seed4/2025-12-29_22_56_50.893022/timespan.json,results/raw/sensitivity/RR/G3/seed4/2025-12-29_22_56_50.893022/report.json,results/raw/sensitivity/RR/G3/seed4/2025-12-29_22_56_50.893022/summary.json,results/raw/sensitivity/RR/G3/seed4/2025-12-29_22_56_50.893022/dataset_qty_2025-12-29_22_56_50.893022_per100.arff,5
RR,O,seed0,results/raw/sensitivity/RR/O/seed0/2025-12-28_15_14_17.006708,results/raw/sensitivity/RR/O/seed0/2025-12-28_15_14_17.006708/timespan.json,results/raw/sensitivity/RR/O/seed0/2025-12-28_15_14_17.006708/report.json,results/raw/sensitivity/RR/O/seed0/2025-12-28_15_14_17.006708/summary.json,results/raw/sensitivity/RR/O/seed0/2025-12-28_15_14_17.006708/dataset_qty_2025-12-28_15_14_17.006708_per100.arff,5
RR,O,seed1,results/raw/sensitivity/RR/O/seed1/2025-12-28_17_17_13.185910,results/raw/sensitivity/RR/O/seed1/2025-12-28_17_17_13.185910/timespan.json,results/raw/sensitivity/RR/O/seed1/2025-12-28_17_17_13.185910/report.json,results/raw/sensitivity/RR/O/seed1/2025-12-28_17_17_13.185910/summary.json,results/raw/sensitivity/RR/O/seed1/2025-12-28_17_17_13.185910/dataset_qty_2025-12-28_17_17_13.185910_per100.arff,5
RR,O,seed2,results/raw/sensitivity/RR/O/seed2/2025-12-29_23_25_10.511966,results/raw/sensitivity/RR/O/seed2/2025-12-29_23_25_10.511966/timespan.json,results/raw/sensitivity/RR/O/seed2/2025-12-29_23_25_10.511966/report.json,results/raw/sensitivity/RR/O/seed2/2025-12-29_23_25_10.511966/summary.json,results/raw/sensitivity/RR/O/seed2/2025-12-29_23_25_10.511966/dataset_qty_2025-12-29_23_25_10.511966_per100.arff,5
RR,O,seed3,results/raw/sensitivity/RR/O/seed3/2025-12-30_01_24_01.525727,results/raw/sensitivity/RR/O/seed3/2025-12-30_01_24_01.525727/timespan.json,results/raw/sensitivity/RR/O/seed3/2025-12-30_01_24_01.525727/report.json,results/raw/sensitivity/RR/O/seed3/2025-12-30_01_24_01.525727/summary.json,results/raw/sensitivity/RR/O/seed3/2025-12-30_01_24_01.525727/dataset_qty_2025-12-30_01_24_01.525727_per100.arff,5
RR,O,seed4,results/raw/sensitivity/RR/O/seed4/2025-12-30_03_24_00.541319,results/raw/sensitivity/RR/O/seed4/2025-12-30_03_24_00.541319/timespan.json,results/raw/sensitivity/RR/O/seed4/2025-12-30_03_24_00.541319/report.json,results/raw/sensitivity/RR/O/seed4/2025-12-30_03_24_00.541319/summary.json,results/raw/sensitivity/RR/O/seed4/2025-12-30_03_24_00.541319/dataset_qty_2025-12-30_03_24_00.541319_per100.arff,5
phi2,B,seed0,results/raw/sensitivity/phi2/B/seed0/2025-12-23_22_10_07.561427,results/raw/sensitivity/phi2/B/seed0/2025-12-23_22_10_07.561427/timespan.json,results/raw/sensitivity/phi2/B/seed0/2025-12-23_22_10_07.561427/report.json,results/raw/sensitivity/phi2/B/seed0/2025-12-23_22_10_07.561427/summary.json,results/raw/sensitivity/phi2/B/seed0/2025-12-23_22_10_07.561427/dataset_qty_2025-12-23_22_10_07.561427_per100.arff,5
phi2,B,seed1,results/raw/sensitivity/phi2/B/seed1/2025-12-23_23_44_03.422304,results/raw/sensitivity/phi2/B/seed1/2025-12-23_23_44_03.422304/timespan.json,results/raw/sensitivity/phi2/B/seed1/2025-12-23_23_44_03.422304/report.json,results/raw/sensitivity/phi2/B/seed1/2025-12-23_23_44_03.422304/summary.json,results/raw/sensitivity/phi2/B/seed1/2025-12-23_23_44_03.422304/dataset_qty_2025-12-23_23_44_03.422304_per100.arff,5
phi2,B,seed2,results/raw/sensitivity/phi2/B/seed2/2025-12-23_23_52_47.541938,results/raw/sensitivity/phi2/B/seed2/2025-12-23_23_52_47.541938/timespan.json,results/raw/sensitivity/phi2/B/seed2/2025-12-23_23_52_47.541938/report.json,results/raw/sensitivity/phi2/B/seed2/2025-12-23_23_52_47.541938/summary.json,results/raw/sensitivity/phi2/B/seed2/2025-12-23_23_52_47.541938/dataset_qty_2025-12-23_23_52_47.541938_per100.arff,5
phi2,B,seed3,results/raw/sensitivity/phi2/B/seed3/2025-12-24_00_01_01.054503,results/raw/sensitivity/phi2/B/seed3/2025-12-24_00_01_01.054503/timespan.json,results/raw/sensitivity/phi2/B/seed3/2025-12-24_00_01_01.054503/report.json,results/raw/sensitivity/phi2/B/seed3/2025-12-24_00_01_01.054503/summary.json,results/raw/sensitivity/phi2/B/seed3/2025-12-24_00_01_01.054503/dataset_qty_2025-12-24_00_01_01.054503_per100.arff,5
phi2,B,seed4,results/raw/sensitivity/phi2/B/seed4/2025-12-24_00_10_47.560190,results/raw/sensitivity/phi2/B/seed4/2025-12-24_00_10_47.560190/timespan.json,results/raw/sensitivity/phi2/B/seed4/2025-12-24_00_10_47.560190/report.json,results/raw/sensitivity/phi2/B/seed4/2025-12-24_00_10_47.560190/summary.json,results/raw/sensitivity/phi2/B/seed4/2025-12-24_00_10_47.560190/dataset_qty_2025-12-24_00_10_47.560190_per100.arff,5
phi2,G,seed0,results/raw/sensitivity/phi2/G/seed0/2025-12-23_22_07_22.402916,results/raw/sensitivity/phi2/G/seed0/2025-12-23_22_07_22.402916/timespan.json,results/raw/sensitivity/phi2/G/seed0/2025-12-23_22_07_22.402916/report.json,results/raw/sensitivity/phi2/G/seed0/2025-12-23_22_07_22.402916/summary.json,results/raw/sensitivity/phi2/G/seed0/2025-12-23_22_07_22.402916/dataset_qty_2025-12-23_22_07_22.402916_per100.arff,5
phi2,G,seed1,results/raw/sensitivity/phi2/G/seed1/2025-12-23_22_33_04.204815,results/raw/sensitivity/phi2/G/seed1/2025-12-23_22_33_04.204815/timespan.json,results/raw/sensitivity/phi2/G/seed1/2025-12-23_22_33_04.204815/report.json,results/raw/sensitivity/phi2/G/seed1/2025-12-23_22_33_04.204815/summary.json,results/raw/sensitivity/phi2/G/seed1/2025-12-23_22_33_04.204815/dataset_qty_2025-12-23_22_33_04.204815_per100.arff,5
phi2,G,seed2,results/raw/sensitivity/phi2/G/seed2/2025-12-23_22_41_43.195879,results/raw/sensitivity/phi2/G/seed2/2025-12-23_22_41_43.195879/timespan.json,results/raw/sensitivity/phi2/G/seed2/2025-12-23_22_41_43.195879/report.json,results/raw/sensitivity/phi2/G/seed2/2025-12-23_22_41_43.195879/summary.json,results/raw/sensitivity/phi2/G/seed2/2025-12-23_22_41_43.195879/dataset_qty_2025-12-23_22_41_43.195879_per100.arff,5
phi2,G,seed3,results/raw/sensitivity/phi2/G/seed3/2025-12-23_22_50_30.930985,results/raw/sensitivity/phi2/G/seed3/2025-12-23_22_50_30.930985/timespan.json,results/raw/sensitivity/phi2/G/seed3/2025-12-23_22_50_30.930985/report.json,results/raw/sensitivity/phi2/G/seed3/2025-12-23_22_50_30.930985/summary.json,results/raw/sensitivity/phi2/G/seed3/2025-12-23_22_50_30.930985/dataset_qty_2025-12-23_22_50_30.930985_per100.arff,5
phi2,G,seed4,results/raw/sensitivity/phi2/G/seed4/2025-12-23_22_58_32.152979,results/raw/sensitivity/phi2/G/seed4/2025-12-23_22_58_32.152979/timespan.json,results/raw/sensitivity/phi2/G/seed4/2025-12-23_22_58_32.152979/report.json,results/raw/sensitivity/phi2/G/seed4/2025-12-23_22_58_32.152979/summary.json,results/raw/sensitivity/phi2/G/seed4/2025-12-23_22_58_32.152979/dataset_qty_2025-12-23_22_58_32.152979_per100.arff,5
phi2,G2,seed0,results/raw/sensitivity/phi2/G2/seed0/2025-12-28_19_37_25.261452,results/raw/sensitivity/phi2/G2/seed0/2025-12-28_19_37_25.261452/timespan.json,results/raw/sensitivity/phi2/G2/seed0/2025-12-28_19_37_25.261452/report.json,results/raw/sensitivity/phi2/G2/seed0/2025-12-28_19_37_25.261452/summary.json,results/raw/sensitivity/phi2/G2/seed0/2025-12-28_19_37_25.261452/dataset_qty_2025-12-28_19_37_25.261452_per100.arff,5
phi2,G2,seed1,results/raw/sensitivity/phi2/G2/seed1/2025-12-28_19_45_30.276959,results/raw/sensitivity/phi2/G2/seed1/2025-12-28_19_45_30.276959/timespan.json,results/raw/sensitivity/phi2/G2/seed1/2025-12-28_19_45_30.276959/report.json,results/raw/sensitivity/phi2/G2/seed1/2025-12-28_19_45_30.276959/summary.json,results/raw/sensitivity/phi2/G2/seed1/2025-12-28_19_45_30.276959/dataset_qty_2025-12-28_19_45_30.276959_per100.arff,5
phi2,G2,seed2,results/raw/sensitivity/phi2/G2/seed2/2025-12-28_19_53_42.343805,results/raw/sensitivity/phi2/G2/seed2/2025-12-28_19_53_42.343805/timespan.json,results/raw/sensitivity/phi2/G2/seed2/2025-12-28_19_53_42.343805/report.json,results/raw/sensitivity/phi2/G2/seed2/2025-12-28_19_53_42.343805/summary.json,results/raw/sensitivity/phi2/G2/seed2/2025-12-28_19_53_42.343805/dataset_qty_2025-12-28_19_53_42.343805_per100.arff,5
phi2,G2,seed3,results/raw/sensitivity/phi2/G2/seed3/2025-12-28_20_01_36.439734,results/raw/sensitivity/phi2/G2/seed3/2025-12-28_20_01_36.439734/timespan.json,results/raw/sensitivity/phi2/G2/seed3/2025-12-28_20_01_36.439734/report.json,results/raw/sensitivity/phi2/G2/seed3/2025-12-28_20_01_36.439734/summary.json,results/raw/sensitivity/phi2/G2/seed3/2025-12-28_20_01_36.439734/dataset_qty_2025-12-28_20_01_36.439734_per100.arff,5
phi2,G2,seed4,results/raw/sensitivity/phi2/G2/seed4/2025-12-28_20_09_41.256964,results/raw/sensitivity/phi2/G2/seed4/2025-12-28_20_09_41.256964/timespan.json,results/raw/sensitivity/phi2/G2/seed4/2025-12-28_20_09_41.256964/report.json,results/raw/sensitivity/phi2/G2/seed4/2025-12-28_20_09_41.256964/summary.json,results/raw/sensitivity/phi2/G2/seed4/2025-12-28_20_09_41.256964/dataset_qty_2025-12-28_20_09_41.256964_per100.arff,5
phi2,G3,seed0,results/raw/sensitivity/phi2/G3/seed0/2025-12-28_20_17_58.418438,results/raw/sensitivity/phi2/G3/seed0/2025-12-28_20_17_58.418438/timespan.json,results/raw/sensitivity/phi2/G3/seed0/2025-12-28_20_17_58.418438/report.json,results/raw/sensitivity/phi2/G3/seed0/2025-12-28_20_17_58.418438/summary.json,results/raw/sensitivity/phi2/G3/seed0/2025-12-28_20_17_58.418438/dataset_qty_2025-12-28_20_17_58.418438_per100.arff,5
phi2,G3,seed1,results/raw/sensitivity/phi2/G3/seed1/2025-12-28_20_25_58.822788,results/raw/sensitivity/phi2/G3/seed1/2025-12-28_20_25_58.822788/timespan.json,results/raw/sensitivity/phi2/G3/seed1/2025-12-28_20_25_58.822788/report.json,results/raw/sensitivity/phi2/G3/seed1/2025-12-28_20_25_58.822788/summary.json,results/raw/sensitivity/phi2/G3/seed1/2025-12-28_20_25_58.822788/dataset_qty_2025-12-28_20_25_58.822788_per100.arff,5
phi2,G3,seed2,results/raw/sensitivity/phi2/G3/seed2/2025-12-28_20_34_43.551165,results/raw/sensitivity/phi2/G3/seed2/2025-12-28_20_34_43.551165/timespan.json,results/raw/sensitivity/phi2/G3/seed2/2025-12-28_20_34_43.551165/report.json,results/raw/sensitivity/phi2/G3/seed2/2025-12-28_20_34_43.551165/summary.json,results/raw/sensitivity/phi2/G3/seed2/2025-12-28_20_34_43.551165/dataset_qty_2025-12-28_20_34_43.551165_per100.arff,5
phi2,G3,seed3,results/raw/sensitivity/phi2/G3/seed3/2025-12-28_20_42_48.589511,results/raw/sensitivity/phi2/G3/seed3/2025-12-28_20_42_48.589511/timespan.json,results/raw/sensitivity/phi2/G3/seed3/2025-12-28_20_42_48.589511/report.json,results/raw/sensitivity/phi2/G3/seed3/2025-12-28_20_42_48.589511/summary.json,results/raw/sensitivity/phi2/G3/seed3/2025-12-28_20_42_48.589511/dataset_qty_2025-12-28_20_42_48.589511_per100.arff,5
phi2,G3,seed4,results/raw/sensitivity/phi2/G3/seed4/2025-12-28_20_51_17.191080,results/raw/sensitivity/phi2/G3/seed4/2025-12-28_20_51_17.191080/timespan.json,results/raw/sensitivity/phi2/G3/seed4/2025-12-28_20_51_17.191080/report.json,results/raw/sensitivity/phi2/G3/seed4/2025-12-28_20_51_17.191080/summary.json,results/raw/sensitivity/phi2/G3/seed4/2025-12-28_20_51_17.191080/dataset_qty_2025-12-28_20_51_17.191080_per100.arff,5
phi2,O,seed0,results/raw/sensitivity/phi2/O/seed0/2025-12-23_22_08_30.787102,results/raw/sensitivity/phi2/O/seed0/2025-12-23_22_08_30.787102/timespan.json,results/raw/sensitivity/phi2/O/seed0/2025-12-23_22_08_30.787102/report.json,results/raw/sensitivity/phi2/O/seed0/2025-12-23_22_08_30.787102/summary.json,results/raw/sensitivity/phi2/O/seed0/2025-12-23_22_08_30.787102/dataset_qty_2025-12-23_22_08_30.787102_per100.arff,5
phi2,O,seed1,results/raw/sensitivity/phi2/O/seed1/2025-12-23_23_08_24.052298,results/raw/sensitivity/phi2/O/seed1/2025-12-23_23_08_24.052298/timespan.json,results/raw/sensitivity/phi2/O/seed1/2025-12-23_23_08_24.052298/report.json,results/raw/sensitivity/phi2/O/seed1/2025-12-23_23_08_24.052298/summary.json,results/raw/sensitivity/phi2/O/seed1/2025-12-23_23_08_24.052298/dataset_qty_2025-12-23_23_08_24.052298_per100.arff,5
phi2,O,seed2,results/raw/sensitivity/phi2/O/seed2/2025-12-23_23_16_58.709664,results/raw/sensitivity/phi2/O/seed2/2025-12-23_23_16_58.709664/timespan.json,results/raw/sensitivity/phi2/O/seed2/2025-12-23_23_16_58.709664/report.json,results/raw/sensitivity/phi2/O/seed2/2025-12-23_23_16_58.709664/summary.json,results/raw/sensitivity/phi2/O/seed2/2025-12-23_23_16_58.709664/dataset_qty_2025-12-23_23_16_58.709664_per100.arff,5
phi2,O,seed3,results/raw/sensitivity/phi2/O/seed3/2025-12-23_23_24_49.192990,results/raw/sensitivity/phi2/O/seed3/2025-12-23_23_24_49.192990/timespan.json,results/raw/sensitivity/phi2/O/seed3/2025-12-23_23_24_49.192990/report.json,results/raw/sensitivity/phi2/O/seed3/2025-12-23_23_24_49.192990/summary.json,results/raw/sensitivity/phi2/O/seed3/2025-12-23_23_24_49.192990/dataset_qty_2025-12-23_23_24_49.192990_per100.arff,5
phi2,O,seed4,results/raw/sensitivity/phi2/O/seed4/2025-12-23_23_35_08.669981,results/raw/sensitivity/phi2/O/seed4/2025-12-23_23_35_08.669981/timespan.json,results/raw/sensitivity/phi2/O/seed4/2025-12-23_23_35_08.669981/report.json,results/raw/sensitivity/phi2/O/seed4/2025-12-23_23_35_08.669981/summary.json,results/raw/sensitivity/phi2/O/seed4/2025-12-23_23_35_08.669981/dataset_qty_2025-12-23_23_35_08.669981_per100.arff,5
phi3,B,seed0,results/raw/sensitivity/phi3/B/seed0/2025-12-23_22_20_36.546645,results/raw/sensitivity/phi3/B/seed0/2025-12-23_22_20_36.546645/timespan.json,results/raw/sensitivity/phi3/B/seed0/2025-12-23_22_20_36.546645/report.json,results/raw/sensitivity/phi3/B/seed0/2025-12-23_22_20_36.546645/summary.json,results/raw/sensitivity/phi3/B/seed0/2025-12-23_22_20_36.546645/dataset_qty_2025-12-23_22_20_36.546645_per100.arff,5
phi3,B,seed1,results/raw/sensitivity/phi3/B/seed1/2025-12-24_09_31_01.670442,results/raw/sensitivity/phi3/B/seed1/2025-12-24_09_31_01.670442/timespan.json,results/raw/sensitivity/phi3/B/seed1/2025-12-24_09_31_01.670442/report.json,results/raw/sensitivity/phi3/B/seed1/2025-12-24_09_31_01.670442/summary.json,results/raw/sensitivity/phi3/B/seed1/2025-12-24_09_31_01.670442/dataset_qty_2025-12-24_09_31_01.670442_per100.arff,5
phi3,B,seed2,results/raw/sensitivity/phi3/B/seed2/2025-12-24_09_49_31.473362,results/raw/sensitivity/phi3/B/seed2/2025-12-24_09_49_31.473362/timespan.json,results/raw/sensitivity/phi3/B/seed2/2025-12-24_09_49_31.473362/report.json,results/raw/sensitivity/phi3/B/seed2/2025-12-24_09_49_31.473362/summary.json,results/raw/sensitivity/phi3/B/seed2/2025-12-24_09_49_31.473362/dataset_qty_2025-12-24_09_49_31.473362_per100.arff,5
phi3,B,seed3,results/raw/sensitivity/phi3/B/seed3/2025-12-24_10_06_27.236357,results/raw/sensitivity/phi3/B/seed3/2025-12-24_10_06_27.236357/timespan.json,results/raw/sensitivity/phi3/B/seed3/2025-12-24_10_06_27.236357/report.json,results/raw/sensitivity/phi3/B/seed3/2025-12-24_10_06_27.236357/summary.json,results/raw/sensitivity/phi3/B/seed3/2025-12-24_10_06_27.236357/dataset_qty_2025-12-24_10_06_27.236357_per100.arff,5
phi3,B,seed4,results/raw/sensitivity/phi3/B/seed4/2025-12-24_10_24_22.124365,results/raw/sensitivity/phi3/B/seed4/2025-12-24_10_24_22.124365/timespan.json,results/raw/sensitivity/phi3/B/seed4/2025-12-24_10_24_22.124365/report.json,results/raw/sensitivity/phi3/B/seed4/2025-12-24_10_24_22.124365/summary.json,results/raw/sensitivity/phi3/B/seed4/2025-12-24_10_24_22.124365/dataset_qty_2025-12-24_10_24_22.124365_per100.arff,5
phi3,G,seed0,results/raw/sensitivity/phi3/G/seed0/2025-12-23_22_15_47.506388,results/raw/sensitivity/phi3/G/seed0/2025-12-23_22_15_47.506388/timespan.json,results/raw/sensitivity/phi3/G/seed0/2025-12-23_22_15_47.506388/report.json,results/raw/sensitivity/phi3/G/seed0/2025-12-23_22_15_47.506388/summary.json,results/raw/sensitivity/phi3/G/seed0/2025-12-23_22_15_47.506388/dataset_qty_2025-12-23_22_15_47.506388_per100.arff,5
phi3,G,seed1,results/raw/sensitivity/phi3/G/seed1/2025-12-24_00_19_02.490374,results/raw/sensitivity/phi3/G/seed1/2025-12-24_00_19_02.490374/timespan.json,results/raw/sensitivity/phi3/G/seed1/2025-12-24_00_19_02.490374/report.json,results/raw/sensitivity/phi3/G/seed1/2025-12-24_00_19_02.490374/summary.json,results/raw/sensitivity/phi3/G/seed1/2025-12-24_00_19_02.490374/dataset_qty_2025-12-24_00_19_02.490374_per100.arff,5
phi3,G,seed2,results/raw/sensitivity/phi3/G/seed2/2025-12-24_00_36_08.838587,results/raw/sensitivity/phi3/G/seed2/2025-12-24_00_36_08.838587/timespan.json,results/raw/sensitivity/phi3/G/seed2/2025-12-24_00_36_08.838587/report.json,results/raw/sensitivity/phi3/G/seed2/2025-12-24_00_36_08.838587/summary.json,results/raw/sensitivity/phi3/G/seed2/2025-12-24_00_36_08.838587/dataset_qty_2025-12-24_00_36_08.838587_per100.arff,5
phi3,G,seed3,results/raw/sensitivity/phi3/G/seed3/2025-12-24_00_51_23.132165,results/raw/sensitivity/phi3/G/seed3/2025-12-24_00_51_23.132165/timespan.json,results/raw/sensitivity/phi3/G/seed3/2025-12-24_00_51_23.132165/report.json,results/raw/sensitivity/phi3/G/seed3/2025-12-24_00_51_23.132165/summary.json,results/raw/sensitivity/phi3/G/seed3/2025-12-24_00_51_23.132165/dataset_qty_2025-12-24_00_51_23.132165_per100.arff,5
phi3,G,seed4,results/raw/sensitivity/phi3/G/seed4/2025-12-24_01_09_18.548688,results/raw/sensitivity/phi3/G/seed4/2025-12-24_01_09_18.548688/timespan.json,results/raw/sensitivity/phi3/G/seed4/2025-12-24_01_09_18.548688/report.json,results/raw/sensitivity/phi3/G/seed4/2025-12-24_01_09_18.548688/summary.json,results/raw/sensitivity/phi3/G/seed4/2025-12-24_01_09_18.548688/dataset_qty_2025-12-24_01_09_18.548688_per100.arff,5
phi3,G2,seed0,results/raw/sensitivity/phi3/G2/seed0/2025-12-28_20_59_08.836155,results/raw/sensitivity/phi3/G2/seed0/2025-12-28_20_59_08.836155/timespan.json,results/raw/sensitivity/phi3/G2/seed0/2025-12-28_20_59_08.836155/report.json,results/raw/sensitivity/phi3/G2/seed0/2025-12-28_20_59_08.836155/summary.json,results/raw/sensitivity/phi3/G2/seed0/2025-12-28_20_59_08.836155/dataset_qty_2025-12-28_20_59_08.836155_per100.arff,5
phi3,G2,seed1,results/raw/sensitivity/phi3/G2/seed1/2025-12-28_21_18_26.344401,results/raw/sensitivity/phi3/G2/seed1/2025-12-28_21_18_26.344401/timespan.json,results/raw/sensitivity/phi3/G2/seed1/2025-12-28_21_18_26.344401/report.json,results/raw/sensitivity/phi3/G2/seed1/2025-12-28_21_18_26.344401/summary.json,results/raw/sensitivity/phi3/G2/seed1/2025-12-28_21_18_26.344401/dataset_qty_2025-12-28_21_18_26.344401_per100.arff,5
phi3,G2,seed2,results/raw/sensitivity/phi3/G2/seed2/2025-12-28_21_39_50.548727,results/raw/sensitivity/phi3/G2/seed2/2025-12-28_21_39_50.548727/timespan.json,results/raw/sensitivity/phi3/G2/seed2/2025-12-28_21_39_50.548727/report.json,results/raw/sensitivity/phi3/G2/seed2/2025-12-28_21_39_50.548727/summary.json,results/raw/sensitivity/phi3/G2/seed2/2025-12-28_21_39_50.548727/dataset_qty_2025-12-28_21_39_50.548727_per100.arff,5
phi3,G2,seed3,results/raw/sensitivity/phi3/G2/seed3/2025-12-28_22_02_31.827048,results/raw/sensitivity/phi3/G2/seed3/2025-12-28_22_02_31.827048/timespan.json,results/raw/sensitivity/phi3/G2/seed3/2025-12-28_22_02_31.827048/report.json,results/raw/sensitivity/phi3/G2/seed3/2025-12-28_22_02_31.827048/summary.json,results/raw/sensitivity/phi3/G2/seed3/2025-12-28_22_02_31.827048/dataset_qty_2025-12-28_22_02_31.827048_per100.arff,5
phi3,G2,seed4,results/raw/sensitivity/phi3/G2/seed4/2025-12-28_22_21_01.197473,results/raw/sensitivity/phi3/G2/seed4/2025-12-28_22_21_01.197473/timespan.json,results/raw/sensitivity/phi3/G2/seed4/2025-12-28_22_21_01.197473/report.json,results/raw/sensitivity/phi3/G2/seed4/2025-12-28_22_21_01.197473/summary.json,results/raw/sensitivity/phi3/G2/seed4/2025-12-28_22_21_01.197473/dataset_qty_2025-12-28_22_21_01.197473_per100.arff,5
phi3,G3,seed0,results/raw/sensitivity/phi3/G3/seed0/2025-12-28_22_39_24.094595,results/raw/sensitivity/phi3/G3/seed0/2025-12-28_22_39_24.094595/timespan.json,results/raw/sensitivity/phi3/G3/seed0/2025-12-28_22_39_24.094595/report.json,results/raw/sensitivity/phi3/G3/seed0/2025-12-28_22_39_24.094595/summary.json,results/raw/sensitivity/phi3/G3/seed0/2025-12-28_22_39_24.094595/dataset_qty_2025-12-28_22_39_24.094595_per100.arff,5
phi3,G3,seed1,results/raw/sensitivity/phi3/G3/seed1/2025-12-28_22_57_56.452798,results/raw/sensitivity/phi3/G3/seed1/2025-12-28_22_57_56.452798/timespan.json,results/raw/sensitivity/phi3/G3/seed1/2025-12-28_22_57_56.452798/report.json,results/raw/sensitivity/phi3/G3/seed1/2025-12-28_22_57_56.452798/summary.json,results/raw/sensitivity/phi3/G3/seed1/2025-12-28_22_57_56.452798/dataset_qty_2025-12-28_22_57_56.452798_per100.arff,5
phi3,G3,seed2,results/raw/sensitivity/phi3/G3/seed2/2025-12-28_23_15_46.238295,results/raw/sensitivity/phi3/G3/seed2/2025-12-28_23_15_46.238295/timespan.json,results/raw/sensitivity/phi3/G3/seed2/2025-12-28_23_15_46.238295/report.json,results/raw/sensitivity/phi3/G3/seed2/2025-12-28_23_15_46.238295/summary.json,results/raw/sensitivity/phi3/G3/seed2/2025-12-28_23_15_46.238295/dataset_qty_2025-12-28_23_15_46.238295_per100.arff,5
phi3,G3,seed3,results/raw/sensitivity/phi3/G3/seed3/2025-12-28_23_35_54.698029,results/raw/sensitivity/phi3/G3/seed3/2025-12-28_23_35_54.698029/timespan.json,results/raw/sensitivity/phi3/G3/seed3/2025-12-28_23_35_54.698029/report.json,results/raw/sensitivity/phi3/G3/seed3/2025-12-28_23_35_54.698029/summary.json,results/raw/sensitivity/phi3/G3/seed3/2025-12-28_23_35_54.698029/dataset_qty_2025-12-28_23_35_54.698029_per100.arff,5
phi3,G3,seed4,results/raw/sensitivity/phi3/G3/seed4/2025-12-28_23_56_10.173536,results/raw/sensitivity/phi3/G3/seed4/2025-12-28_23_56_10.173536/timespan.json,results/raw/sensitivity/phi3/G3/seed4/2025-12-28_23_56_10.173536/report.json,results/raw/sensitivity/phi3/G3/seed4/2025-12-28_23_56_10.173536/summary.json,results/raw/sensitivity/phi3/G3/seed4/2025-12-28_23_56_10.173536/dataset_qty_2025-12-28_23_56_10.173536_per100.arff,5
phi3,O1,seed0,results/raw/sensitivity/phi3/O1/seed0/2025-12-24_07_13_32.084046,results/raw/sensitivity/phi3/O1/seed0/2025-12-24_07_13_32.084046/timespan.json,results/raw/sensitivity/phi3/O1/seed0/2025-12-24_07_13_32.084046/report.json,results/raw/sensitivity/phi3/O1/seed0/2025-12-24_07_13_32.084046/summary.json,results/raw/sensitivity/phi3/O1/seed0/2025-12-24_07_13_32.084046/dataset_qty_2025-12-24_07_13_32.084046_per100.arff,5
phi3,O1,seed1,results/raw/sensitivity/phi3/O1/seed1/2025-12-24_07_26_47.392977,results/raw/sensitivity/phi3/O1/seed1/2025-12-24_07_26_47.392977/timespan.json,results/raw/sensitivity/phi3/O1/seed1/2025-12-24_07_26_47.392977/report.json,results/raw/sensitivity/phi3/O1/seed1/2025-12-24_07_26_47.392977/summary.json,results/raw/sensitivity/phi3/O1/seed1/2025-12-24_07_26_47.392977/dataset_qty_2025-12-24_07_26_47.392977_per100.arff,5
phi3,O1,seed2,results/raw/sensitivity/phi3/O1/seed2/2025-12-24_07_41_12.796621,results/raw/sensitivity/phi3/O1/seed2/2025-12-24_07_41_12.796621/timespan.json,results/raw/sensitivity/phi3/O1/seed2/2025-12-24_07_41_12.796621/report.json,results/raw/sensitivity/phi3/O1/seed2/2025-12-24_07_41_12.796621/summary.json,results/raw/sensitivity/phi3/O1/seed2/2025-12-24_07_41_12.796621/dataset_qty_2025-12-24_07_41_12.796621_per100.arff,5
phi3,O1,seed3,results/raw/sensitivity/phi3/O1/seed3/2025-12-24_07_55_50.195474,results/raw/sensitivity/phi3/O1/seed3/2025-12-24_07_55_50.195474/timespan.json,results/raw/sensitivity/phi3/O1/seed3/2025-12-24_07_55_50.195474/report.json,results/raw/sensitivity/phi3/O1/seed3/2025-12-24_07_55_50.195474/summary.json,results/raw/sensitivity/phi3/O1/seed3/2025-12-24_07_55_50.195474/dataset_qty_2025-12-24_07_55_50.195474_per100.arff,5
phi3,O1,seed4,results/raw/sensitivity/phi3/O1/seed4/2025-12-24_08_10_47.813714,results/raw/sensitivity/phi3/O1/seed4/2025-12-24_08_10_47.813714/timespan.json,results/raw/sensitivity/phi3/O1/seed4/2025-12-24_08_10_47.813714/report.json,results/raw/sensitivity/phi3/O1/seed4/2025-12-24_08_10_47.813714/summary.json,results/raw/sensitivity/phi3/O1/seed4/2025-12-24_08_10_47.813714/dataset_qty_2025-12-24_08_10_47.813714_per100.arff,5
phi3,O2,seed0,results/raw/sensitivity/phi3/O2/seed0/2025-12-24_08_24_27.314754,results/raw/sensitivity/phi3/O2/seed0/2025-12-24_08_24_27.314754/timespan.json,results/raw/sensitivity/phi3/O2/seed0/2025-12-24_08_24_27.314754/report.json,results/raw/sensitivity/phi3/O2/seed0/2025-12-24_08_24_27.314754/summary.json,results/raw/sensitivity/phi3/O2/seed0/2025-12-24_08_24_27.314754/dataset_qty_2025-12-24_08_24_27.314754_per100.arff,5
phi3,O2,seed1,results/raw/sensitivity/phi3/O2/seed1/2025-12-24_08_34_26.817967,results/raw/sensitivity/phi3/O2/seed1/2025-12-24_08_34_26.817967/timespan.json,results/raw/sensitivity/phi3/O2/seed1/2025-12-24_08_34_26.817967/report.json,results/raw/sensitivity/phi3/O2/seed1/2025-12-24_08_34_26.817967/summary.json,results/raw/sensitivity/phi3/O2/seed1/2025-12-24_08_34_26.817967/dataset_qty_2025-12-24_08_34_26.817967_per100.arff,5
phi3,O2,seed2,results/raw/sensitivity/phi3/O2/seed2/2025-12-24_08_44_22.507068,results/raw/sensitivity/phi3/O2/seed2/2025-12-24_08_44_22.507068/timespan.json,results/raw/sensitivity/phi3/O2/seed2/2025-12-24_08_44_22.507068/report.json,results/raw/sensitivity/phi3/O2/seed2/2025-12-24_08_44_22.507068/summary.json,results/raw/sensitivity/phi3/O2/seed2/2025-12-24_08_44_22.507068/dataset_qty_2025-12-24_08_44_22.507068_per100.arff,5
phi3,O2,seed3,results/raw/sensitivity/phi3/O2/seed3/2025-12-24_08_56_06.159825,results/raw/sensitivity/phi3/O2/seed3/2025-12-24_08_56_06.159825/timespan.json,results/raw/sensitivity/phi3/O2/seed3/2025-12-24_08_56_06.159825/report.json,results/raw/sensitivity/phi3/O2/seed3/2025-12-24_08_56_06.159825/summary.json,results/raw/sensitivity/phi3/O2/seed3/2025-12-24_08_56_06.159825/dataset_qty_2025-12-24_08_56_06.159825_per100.arff,5
phi3,O2,seed4,results/raw/sensitivity/phi3/O2/seed4/2025-12-24_09_07_42.519960,results/raw/sensitivity/phi3/O2/seed4/2025-12-24_09_07_42.519960/timespan.json,results/raw/sensitivity/phi3/O2/seed4/2025-12-24_09_07_42.519960/report.json,results/raw/sensitivity/phi3/O2/seed4/2025-12-24_09_07_42.519960/summary.json,results/raw/sensitivity/phi3/O2/seed4/2025-12-24_09_07_42.519960/dataset_qty_2025-12-24_09_07_42.519960_per100.arff,5
phi3,O3,seed0,results/raw/sensitivity/phi3/O3/seed0/2025-12-24_09_17_41.128066,results/raw/sensitivity/phi3/O3/seed0/2025-12-24_09_17_41.128066/timespan.json,results/raw/sensitivity/phi3/O3/seed0/2025-12-24_09_17_41.128066/report.json,results/raw/sensitivity/phi3/O3/seed0/2025-12-24_09_17_41.128066/summary.json,results/raw/sensitivity/phi3/O3/seed0/2025-12-24_09_17_41.128066/dataset_qty_2025-12-24_09_17_41.128066_per100.arff,5
phi3,O3,seed1,results/raw/sensitivity/phi3/O3/seed1/2025-12-24_09_20_19.865075,results/raw/sensitivity/phi3/O3/seed1/2025-12-24_09_20_19.865075/timespan.json,results/raw/sensitivity/phi3/O3/seed1/2025-12-24_09_20_19.865075/report.json,results/raw/sensitivity/phi3/O3/seed1/2025-12-24_09_20_19.865075/summary.json,results/raw/sensitivity/phi3/O3/seed1/2025-12-24_09_20_19.865075/dataset_qty_2025-12-24_09_20_19.865075_per100.arff,5
phi3,O3,seed2,results/raw/sensitivity/phi3/O3/seed2/2025-12-24_09_22_59.693210,results/raw/sensitivity/phi3/O3/seed2/2025-12-24_09_22_59.693210/timespan.json,results/raw/sensitivity/phi3/O3/seed2/2025-12-24_09_22_59.693210/report.json,results/raw/sensitivity/phi3/O3/seed2/2025-12-24_09_22_59.693210/summary.json,results/raw/sensitivity/phi3/O3/seed2/2025-12-24_09_22_59.693210/dataset_qty_2025-12-24_09_22_59.693210_per100.arff,5
phi3,O3,seed3,results/raw/sensitivity/phi3/O3/seed3/2025-12-24_09_25_38.972942,results/raw/sensitivity/phi3/O3/seed3/2025-12-24_09_25_38.972942/timespan.json,results/raw/sensitivity/phi3/O3/seed3/2025-12-24_09_25_38.972942/report.json,results/raw/sensitivity/phi3/O3/seed3/2025-12-24_09_25_38.972942/summary.json,results/raw/sensitivity/phi3/O3/seed3/2025-12-24_09_25_38.972942/dataset_qty_2025-12-24_09_25_38.972942_per100.arff,5
phi3,O3,seed4,results/raw/sensitivity/phi3/O3/seed4/2025-12-24_09_28_19.100062,results/raw/sensitivity/phi3/O3/seed4/2025-12-24_09_28_19.100062/timespan.json,results/raw/sensitivity/phi3/O3/seed4/2025-12-24_09_28_19.100062/report.json,results/raw/sensitivity/phi3/O3/seed4/2025-12-24_09_28_19.100062/summary.json,results/raw/sensitivity/phi3/O3/seed4/2025-12-24_09_28_19.100062/dataset_qty_2025-12-24_09_28_19.100062_per100.arff,5
phi4,B,seed0,results/raw/sensitivity/phi4/B/seed0/2025-12-26_20_44_03.317450,results/raw/sensitivity/phi4/B/seed0/2025-12-26_20_44_03.317450/timespan.json,results/raw/sensitivity/phi4/B/seed0/2025-12-26_20_44_03.317450/report.json,results/raw/sensitivity/phi4/B/seed0/2025-12-26_20_44_03.317450/summary.json,results/raw/sensitivity/phi4/B/seed0/2025-12-26_20_44_03.317450/dataset_qty_2025-12-26_20_44_03.317450_per100.arff,5
phi4,B,seed1,results/raw/sensitivity/phi4/B/seed1/2025-12-26_07_56_20.614728,results/raw/sensitivity/phi4/B/seed1/2025-12-26_07_56_20.614728/timespan.json,results/raw/sensitivity/phi4/B/seed1/2025-12-26_07_56_20.614728/report.json,results/raw/sensitivity/phi4/B/seed1/2025-12-26_07_56_20.614728/summary.json,results/raw/sensitivity/phi4/B/seed1/2025-12-26_07_56_20.614728/dataset_qty_2025-12-26_07_56_20.614728_per100.arff,5
phi4,B,seed2,results/raw/sensitivity/phi4/B/seed2/2025-12-26_08_04_05.584551,results/raw/sensitivity/phi4/B/seed2/2025-12-26_08_04_05.584551/timespan.json,results/raw/sensitivity/phi4/B/seed2/2025-12-26_08_04_05.584551/report.json,results/raw/sensitivity/phi4/B/seed2/2025-12-26_08_04_05.584551/summary.json,results/raw/sensitivity/phi4/B/seed2/2025-12-26_08_04_05.584551/dataset_qty_2025-12-26_08_04_05.584551_per100.arff,5
phi4,B,seed3,results/raw/sensitivity/phi4/B/seed3/2025-12-26_08_13_09.908971,results/raw/sensitivity/phi4/B/seed3/2025-12-26_08_13_09.908971/timespan.json,results/raw/sensitivity/phi4/B/seed3/2025-12-26_08_13_09.908971/report.json,results/raw/sensitivity/phi4/B/seed3/2025-12-26_08_13_09.908971/summary.json,results/raw/sensitivity/phi4/B/seed3/2025-12-26_08_13_09.908971/dataset_qty_2025-12-26_08_13_09.908971_per100.arff,5
phi4,B,seed4,results/raw/sensitivity/phi4/B/seed4/2025-12-26_08_20_53.994461,results/raw/sensitivity/phi4/B/seed4/2025-12-26_08_20_53.994461/timespan.json,results/raw/sensitivity/phi4/B/seed4/2025-12-26_08_20_53.994461/report.json,results/raw/sensitivity/phi4/B/seed4/2025-12-26_08_20_53.994461/summary.json,results/raw/sensitivity/phi4/B/seed4/2025-12-26_08_20_53.994461/dataset_qty_2025-12-26_08_20_53.994461_per100.arff,5
phi4,G,seed0,results/raw/sensitivity/phi4/G/seed0/2025-12-26_20_52_29.431810,results/raw/sensitivity/phi4/G/seed0/2025-12-26_20_52_29.431810/timespan.json,results/raw/sensitivity/phi4/G/seed0/2025-12-26_20_52_29.431810/report.json,results/raw/sensitivity/phi4/G/seed0/2025-12-26_20_52_29.431810/summary.json,results/raw/sensitivity/phi4/G/seed0/2025-12-26_20_52_29.431810/dataset_qty_2025-12-26_20_52_29.431810_per100.arff,5
phi4,G,seed1,results/raw/sensitivity/phi4/G/seed1/2025-12-26_08_28_52.773830,results/raw/sensitivity/phi4/G/seed1/2025-12-26_08_28_52.773830/timespan.json,results/raw/sensitivity/phi4/G/seed1/2025-12-26_08_28_52.773830/report.json,results/raw/sensitivity/phi4/G/seed1/2025-12-26_08_28_52.773830/summary.json,results/raw/sensitivity/phi4/G/seed1/2025-12-26_08_28_52.773830/dataset_qty_2025-12-26_08_28_52.773830_per100.arff,5
phi4,G,seed2,results/raw/sensitivity/phi4/G/seed2/2025-12-26_08_36_08.832491,results/raw/sensitivity/phi4/G/seed2/2025-12-26_08_36_08.832491/timespan.json,results/raw/sensitivity/phi4/G/seed2/2025-12-26_08_36_08.832491/report.json,results/raw/sensitivity/phi4/G/seed2/2025-12-26_08_36_08.832491/summary.json,results/raw/sensitivity/phi4/G/seed2/2025-12-26_08_36_08.832491/dataset_qty_2025-12-26_08_36_08.832491_per100.arff,5
phi4,G,seed3,results/raw/sensitivity/phi4/G/seed3/2025-12-26_08_44_57.076361,results/raw/sensitivity/phi4/G/seed3/2025-12-26_08_44_57.076361/timespan.json,results/raw/sensitivity/phi4/G/seed3/2025-12-26_08_44_57.076361/report.json,results/raw/sensitivity/phi4/G/seed3/2025-12-26_08_44_57.076361/summary.json,results/raw/sensitivity/phi4/G/seed3/2025-12-26_08_44_57.076361/dataset_qty_2025-12-26_08_44_57.076361_per100.arff,5
phi4,G,seed4,results/raw/sensitivity/phi4/G/seed4/2025-12-26_08_52_09.057712,results/raw/sensitivity/phi4/G/seed4/2025-12-26_08_52_09.057712/timespan.json,results/raw/sensitivity/phi4/G/seed4/2025-12-26_08_52_09.057712/report.json,results/raw/sensitivity/phi4/G/seed4/2025-12-26_08_52_09.057712/summary.json,results/raw/sensitivity/phi4/G/seed4/2025-12-26_08_52_09.057712/dataset_qty_2025-12-26_08_52_09.057712_per100.arff,5
phi4,G2,seed0,results/raw/sensitivity/phi4/G2/seed0/2025-12-29_00_15_20.293817,results/raw/sensitivity/phi4/G2/seed0/2025-12-29_00_15_20.293817/timespan.json,results/raw/sensitivity/phi4/G2/seed0/2025-12-29_00_15_20.293817/report.json,results/raw/sensitivity/phi4/G2/seed0/2025-12-29_00_15_20.293817/summary.json,results/raw/sensitivity/phi4/G2/seed0/2025-12-29_00_15_20.293817/dataset_qty_2025-12-29_00_15_20.293817_per100.arff,5
phi4,G2,seed1,results/raw/sensitivity/phi4/G2/seed1/2025-12-29_00_23_20.058991,results/raw/sensitivity/phi4/G2/seed1/2025-12-29_00_23_20.058991/timespan.json,results/raw/sensitivity/phi4/G2/seed1/2025-12-29_00_23_20.058991/report.json,results/raw/sensitivity/phi4/G2/seed1/2025-12-29_00_23_20.058991/summary.json,results/raw/sensitivity/phi4/G2/seed1/2025-12-29_00_23_20.058991/dataset_qty_2025-12-29_00_23_20.058991_per100.arff,5
phi4,G2,seed2,results/raw/sensitivity/phi4/G2/seed2/2025-12-29_00_33_10.879862,results/raw/sensitivity/phi4/G2/seed2/2025-12-29_00_33_10.879862/timespan.json,results/raw/sensitivity/phi4/G2/seed2/2025-12-29_00_33_10.879862/report.json,results/raw/sensitivity/phi4/G2/seed2/2025-12-29_00_33_10.879862/summary.json,results/raw/sensitivity/phi4/G2/seed2/2025-12-29_00_33_10.879862/dataset_qty_2025-12-29_00_33_10.879862_per100.arff,5
phi4,G2,seed3,results/raw/sensitivity/phi4/G2/seed3/2025-12-29_00_41_28.216931,results/raw/sensitivity/phi4/G2/seed3/2025-12-29_00_41_28.216931/timespan.json,results/raw/sensitivity/phi4/G2/seed3/2025-12-29_00_41_28.216931/report.json,results/raw/sensitivity/phi4/G2/seed3/2025-12-29_00_41_28.216931/summary.json,results/raw/sensitivity/phi4/G2/seed3/2025-12-29_00_41_28.216931/dataset_qty_2025-12-29_00_41_28.216931_per100.arff,5
phi4,G2,seed4,results/raw/sensitivity/phi4/G2/seed4/2025-12-29_00_49_40.891079,results/raw/sensitivity/phi4/G2/seed4/2025-12-29_00_49_40.891079/timespan.json,results/raw/sensitivity/phi4/G2/seed4/2025-12-29_00_49_40.891079/report.json,results/raw/sensitivity/phi4/G2/seed4/2025-12-29_00_49_40.891079/summary.json,results/raw/sensitivity/phi4/G2/seed4/2025-12-29_00_49_40.891079/dataset_qty_2025-12-29_00_49_40.891079_per100.arff,5
phi4,G3,seed0,results/raw/sensitivity/phi4/G3/seed0/2025-12-29_00_57_51.945369,results/raw/sensitivity/phi4/G3/seed0/2025-12-29_00_57_51.945369/timespan.json,results/raw/sensitivity/phi4/G3/seed0/2025-12-29_00_57_51.945369/report.json,results/raw/sensitivity/phi4/G3/seed0/2025-12-29_00_57_51.945369/summary.json,results/raw/sensitivity/phi4/G3/seed0/2025-12-29_00_57_51.945369/dataset_qty_2025-12-29_00_57_51.945369_per100.arff,5
phi4,G3,seed1,results/raw/sensitivity/phi4/G3/seed1/2025-12-29_01_07_24.731795,results/raw/sensitivity/phi4/G3/seed1/2025-12-29_01_07_24.731795/timespan.json,results/raw/sensitivity/phi4/G3/seed1/2025-12-29_01_07_24.731795/report.json,results/raw/sensitivity/phi4/G3/seed1/2025-12-29_01_07_24.731795/summary.json,results/raw/sensitivity/phi4/G3/seed1/2025-12-29_01_07_24.731795/dataset_qty_2025-12-29_01_07_24.731795_per100.arff,5
phi4,G3,seed2,results/raw/sensitivity/phi4/G3/seed2/2025-12-29_01_15_25.162433,results/raw/sensitivity/phi4/G3/seed2/2025-12-29_01_15_25.162433/timespan.json,results/raw/sensitivity/phi4/G3/seed2/2025-12-29_01_15_25.162433/report.json,results/raw/sensitivity/phi4/G3/seed2/2025-12-29_01_15_25.162433/summary.json,results/raw/sensitivity/phi4/G3/seed2/2025-12-29_01_15_25.162433/dataset_qty_2025-12-29_01_15_25.162433_per100.arff,5
phi4,G3,seed3,results/raw/sensitivity/phi4/G3/seed3/2025-12-29_01_25_13.930522,results/raw/sensitivity/phi4/G3/seed3/2025-12-29_01_25_13.930522/timespan.json,results/raw/sensitivity/phi4/G3/seed3/2025-12-29_01_25_13.930522/report.json,results/raw/sensitivity/phi4/G3/seed3/2025-12-29_01_25_13.930522/summary.json,results/raw/sensitivity/phi4/G3/seed3/2025-12-29_01_25_13.930522/dataset_qty_2025-12-29_01_25_13.930522_per100.arff,5
phi4,G3,seed4,results/raw/sensitivity/phi4/G3/seed4/2025-12-29_01_33_18.299009,results/raw/sensitivity/phi4/G3/seed4/2025-12-29_01_33_18.299009/timespan.json,results/raw/sensitivity/phi4/G3/seed4/2025-12-29_01_33_18.299009/report.json,results/raw/sensitivity/phi4/G3/seed4/2025-12-29_01_33_18.299009/summary.json,results/raw/sensitivity/phi4/G3/seed4/2025-12-29_01_33_18.299009/dataset_qty_2025-12-29_01_33_18.299009_per100.arff,5
phi4,O,seed0,results/raw/sensitivity/phi4/O/seed0/2025-12-26_21_00_13.752956,results/raw/sensitivity/phi4/O/seed0/2025-12-26_21_00_13.752956/timespan.json,results/raw/sensitivity/phi4/O/seed0/2025-12-26_21_00_13.752956/report.json,results/raw/sensitivity/phi4/O/seed0/2025-12-26_21_00_13.752956/summary.json,results/raw/sensitivity/phi4/O/seed0/2025-12-26_21_00_13.752956/dataset_qty_2025-12-26_21_00_13.752956_per100.arff,5
phi4,O,seed1,results/raw/sensitivity/phi4/O/seed1/2025-12-26_09_01_03.124001,results/raw/sensitivity/phi4/O/seed1/2025-12-26_09_01_03.124001/timespan.json,results/raw/sensitivity/phi4/O/seed1/2025-12-26_09_01_03.124001/report.json,results/raw/sensitivity/phi4/O/seed1/2025-12-26_09_01_03.124001/summary.json,results/raw/sensitivity/phi4/O/seed1/2025-12-26_09_01_03.124001/dataset_qty_2025-12-26_09_01_03.124001_per100.arff,5
phi4,O,seed2,results/raw/sensitivity/phi4/O/seed2/2025-12-26_09_09_21.261418,results/raw/sensitivity/phi4/O/seed2/2025-12-26_09_09_21.261418/timespan.json,results/raw/sensitivity/phi4/O/seed2/2025-12-26_09_09_21.261418/report.json,results/raw/sensitivity/phi4/O/seed2/2025-12-26_09_09_21.261418/summary.json,results/raw/sensitivity/phi4/O/seed2/2025-12-26_09_09_21.261418/dataset_qty_2025-12-26_09_09_21.261418_per100.arff,5
phi4,O,seed3,results/raw/sensitivity/phi4/O/seed3/2025-12-26_09_17_31.598594,results/raw/sensitivity/phi4/O/seed3/2025-12-26_09_17_31.598594/timespan.json,results/raw/sensitivity/phi4/O/seed3/2025-12-26_09_17_31.598594/report.json,results/raw/sensitivity/phi4/O/seed3/2025-12-26_09_17_31.598594/summary.json,results/raw/sensitivity/phi4/O/seed3/2025-12-26_09_17_31.598594/dataset_qty_2025-12-26_09_17_31.598594_per100.arff,5
phi4,O,seed4,results/raw/sensitivity/phi4/O/seed4/2025-12-26_09_25_46.725628,results/raw/sensitivity/phi4/O/seed4/2025-12-26_09_25_46.725628/timespan.json,results/raw/sensitivity/phi4/O/seed4/2025-12-26_09_25_46.725628/report.json,results/raw/sensitivity/phi4/O/seed4/2025-12-26_09_25_46.725628/summary.json,results/raw/sensitivity/phi4/O/seed4/2025-12-26_09_25_46.725628/dataset_qty_2025-12-26_09_25_46.725628_per100.arff,5
